id,symbol,interval,direction,exit_style,entry_price,sl_price,tp_price,current_sl,score,risk_label,open_time,status,peak_pnl_pct,exit_price,exit_time,exit_reason,pnl_pct,result,current_price,current_pnl_pct
HYPE_4h_cpr_target_2026-05-12,HYPE,4h,short,cpr_target,40.284,41.519678565,40.633,41.519678565,7.8,Low-Medium Risk,2026-05-12T17:00:36.578532+00:00,closed,0.0090110217456061,40.633,2026-05-12T17:00:36.579964+00:00,tp_s1_hit,-0.866,loss,,
PENDLE_1w_cpr_target_2026-05-12,PENDLE,1w,long,cpr_target,1.9479,1.50574071,1.39086667,1.50574071,7.63,Low-Medium Risk,2026-05-12T17:00:36.578740+00:00,closed,0.0247445967452128,1.39086667,2026-05-12T17:00:36.582533+00:00,tp_r1_hit,-28.597,loss,,
HYPE_1d_cpr_target_2026-05-12,HYPE,1d,short,cpr_target,41.996,44.659892855,42.18333333,44.659892855,7.3,Low-Medium Risk,2026-05-12T17:00:36.578993+00:00,closed,0.0494094675683399,42.18333333,2026-05-12T17:00:36.585534+00:00,tp_s1_hit,-0.446,loss,,
PENDLE_1d_fixed_pct_2026-05-12,PENDLE,1d,long,fixed_pct,2.148,1.865871435,2.03263333,1.865871435,7.13,Low-Medium Risk,2026-05-12T17:00:36.579276+00:00,closed,0.0,1.9961,2026-05-12T17:00:36.588162+00:00,stop_hit (-7%),-7.072,loss,,
TON_1w_cpr_target_2026-05-12,TON,1w,long,cpr_target,2.4556,2.069071435,1.37093333,2.069071435,7.02,Low-Medium Risk,2026-05-12T17:00:36.579593+00:00,closed,0.0,1.37093333,2026-05-12T17:00:36.590723+00:00,tp_r1_hit,-44.171,loss,,
PENDLE_1d_cpr_target_2026-05-12,PENDLE,1d,long,cpr_target,2.148,1.865871435,2.03263333,1.865871435,7.13,Low-Medium Risk,2026-05-12T17:00:36.579276+00:00,closed,0.0,2.03263333,2026-05-12T21:54:40.575059+00:00,tp_r1_hit,-5.371,loss,1.9961,-7.072
PENDLE_1w_cpr_target_2026-05-12,PENDLE,1w,long,cpr_target,1.9479,1.50574071,1.39086667,1.50574071,8.13,Low Risk,2026-05-12T22:00:35.682792+00:00,closed,0.0490784947892601,1.39086667,2026-05-12T22:00:35.685057+00:00,tp_r1_hit,-28.597,loss,,
HYPE_4h_cpr_target_2026-05-12,HYPE,4h,short,cpr_target,40.284,41.519678565,40.633,41.519678565,7.8,Low-Medium Risk,2026-05-12T22:00:35.683219+00:00,closed,0.0,40.633,2026-05-12T22:00:35.689665+00:00,tp_s1_hit,-0.866,loss,,
PENDLE_1d_cpr_target_2026-05-12,PENDLE,1d,long,cpr_target,2.148,1.865871435,2.03263333,1.865871435,7.63,Low-Medium Risk,2026-05-12T22:00:35.683610+00:00,closed,0.0,2.03263333,2026-05-12T22:00:35.692794+00:00,tp_r1_hit,-5.371,loss,,
TON_1w_cpr_target_2026-05-12,TON,1w,long,cpr_target,2.4556,2.069071435,1.37093333,2.069071435,7.32,Low-Medium Risk,2026-05-12T22:00:35.684058+00:00,closed,0.0,1.37093333,2026-05-12T22:00:35.695874+00:00,tp_r1_hit,-44.171,loss,,
HYPE_1d_cpr_target_2026-05-12,HYPE,1d,short,cpr_target,41.996,44.659892855,42.18333333,44.659892855,7.3,Low-Medium Risk,2026-05-12T22:00:35.684514+00:00,closed,0.0393132679302791,42.18333333,2026-05-12T22:00:35.698995+00:00,tp_s1_hit,-0.446,loss,,
TON_1w_fixed_pct_2026-05-12,TON,1w,long,fixed_pct,2.4556,2.069071435,1.37093333,2.069071435,7.02,Low-Medium Risk,2026-05-12T17:00:36.579593+00:00,closed,0.0,2.2662,2026-05-13T08:24:32.564373+00:00,stop_hit (-7%),-7.713,loss,2.3205,-5.502
TON_1w_fixed_pct_2026-05-12,TON,1w,long,fixed_pct,2.4556,2.069071435,1.37093333,2.069071435,7.32,Low-Medium Risk,2026-05-12T22:00:35.684058+00:00,closed,0.0,2.2662,2026-05-13T08:24:32.569094+00:00,stop_hit (-7%),-7.713,loss,2.3205,-5.502
PENDLE_1w_cpr_target_2026-05-13,PENDLE,1w,long,cpr_target,1.9479,1.50574071,1.39086667,1.50574071,7.63,Low-Medium Risk,2026-05-13T08:24:32.561210+00:00,closed,0.0811643308178037,1.39086667,2026-05-13T08:24:32.572630+00:00,tp_r1_hit,-28.597,loss,,
TON_1w_fixed_pct_2026-05-13,TON,1w,long,fixed_pct,2.4556,2.069071435,1.37093333,2.069071435,7.32,Low-Medium Risk,2026-05-13T08:24:32.561819+00:00,closed,0.0,2.2662,2026-05-13T08:24:32.576149+00:00,stop_hit (-7%),-7.713,loss,,
TON_1w_cpr_target_2026-05-13,TON,1w,long,cpr_target,2.4556,2.069071435,1.37093333,2.069071435,7.32,Low-Medium Risk,2026-05-13T08:24:32.561819+00:00,closed,0.0,1.37093333,2026-05-13T08:24:32.579673+00:00,tp_r1_hit,-44.171,loss,,
PENDLE_1d_cpr_target_2026-05-13,PENDLE,1d,long,cpr_target,2.148,1.865871435,2.03263333,1.865871435,7.13,Low-Medium Risk,2026-05-13T08:24:32.562387+00:00,closed,0.0,2.03263333,2026-05-13T08:24:32.583077+00:00,tp_r1_hit,-5.371,loss,,
STABLE_1d_cpr_target_2026-05-13,STABLE,1d,long,cpr_target,0.040304,0.03695975,0.03499933,0.03695975,6.81,Low-Medium Risk,2026-05-13T08:24:32.563656+00:00,closed,0.0,0.03499933,2026-05-13T08:24:32.586528+00:00,tp_r1_hit,-13.162,loss,,
PENDLE_1w_trailing_2026-05-12,PENDLE,1w,long,trailing,1.9479,1.50574071,1.39086667,2.066232,7.63,Low-Medium Risk,2026-05-12T17:00:36.578740+00:00,closed,0.0823964269212999,2.066232,2026-05-13T16:41:38.592815+00:00,trailing_sl,6.075,win,2.1084,8.24
PENDLE_1w_trailing_2026-05-12,PENDLE,1w,long,trailing,1.9479,1.50574071,1.39086667,2.066232,8.13,Low Risk,2026-05-12T22:00:35.682792+00:00,closed,0.0823964269212999,2.066232,2026-05-13T16:41:38.597562+00:00,trailing_sl,6.075,win,2.1084,8.24
PENDLE_1w_trailing_2026-05-13,PENDLE,1w,long,trailing,1.9479,1.50574071,1.39086667,2.066232,7.63,Low-Medium Risk,2026-05-13T08:24:32.561210+00:00,closed,0.0823964269212999,2.066232,2026-05-13T16:41:38.601914+00:00,trailing_sl,6.075,win,2.1084,8.24
PENDLE_1d_fixed_pct_2026-05-12,PENDLE,1d,long,fixed_pct,2.148,1.865871435,2.03263333,1.865871435,7.63,Low-Medium Risk,2026-05-12T22:00:35.683610+00:00,closed,0.0,1.9941,2026-05-13T21:02:03.994299+00:00,stop_hit (-7%),-7.165,loss,2.0331,-5.349
PENDLE_1d_fixed_pct_2026-05-13,PENDLE,1d,long,fixed_pct,2.148,1.865871435,2.03263333,1.865871435,7.13,Low-Medium Risk,2026-05-13T08:24:32.562387+00:00,closed,0.0,1.9941,2026-05-13T21:02:03.998958+00:00,stop_hit (-7%),-7.165,loss,2.0331,-5.349
TON_1w_fixed_pct_2026-05-14,TON,1w,long,fixed_pct,2.4556,2.06907144,3.22865712,2.06907144,7.4,Low-Medium Risk,2026-05-14T07:38:10.179797+00:00,closed,0.0,2.1034,2026-05-14T07:38:10.181763+00:00,stop_hit (-7%),-14.343,loss,,
HYPE_1d_trailing_2026-05-12,HYPE,1d,short,trailing,41.996,44.659892855,42.18333333,39.51888,7.3,Low-Medium Risk,2026-05-12T17:00:36.578993+00:00,closed,0.0774359462805982,39.51888,2026-05-14T13:22:23.502475+00:00,trailing_sl,5.898,win,39.02,7.086
HYPE_1d_trailing_2026-05-12,HYPE,1d,short,trailing,41.996,44.659892855,42.18333333,39.51888,7.3,Low-Medium Risk,2026-05-12T22:00:35.684514+00:00,closed,0.0774359462805982,39.51888,2026-05-14T13:22:23.507396+00:00,trailing_sl,5.898,win,39.02,7.086
TON_1w_fixed_pct_2026-05-14,TON,1w,long,fixed_pct,2.4556,2.06907144,3.22865712,2.06907144,7.32,Low-Medium Risk,2026-05-14T13:22:23.500187+00:00,closed,0.0,2.1221,2026-05-14T13:22:23.511121+00:00,stop_hit (-7%),-13.581,loss,,
HYPE_4h_fixed_pct_2026-05-12,HYPE,4h,short,fixed_pct,40.284,41.519678565,40.633,41.519678565,7.8,Low-Medium Risk,2026-05-12T17:00:36.578532+00:00,closed,0.0382285771025717,41.519678565,2026-05-14T16:22:41.863073+00:00,sl_hit,-3.067,loss,40.66,-0.933
HYPE_4h_trailing_2026-05-12,HYPE,4h,short,trailing,40.284,41.519678565,40.633,41.519678565,7.8,Low-Medium Risk,2026-05-12T17:00:36.578532+00:00,closed,0.0382285771025717,41.519678565,2026-05-14T16:22:41.867957+00:00,trailing_sl,-3.067,loss,40.66,-0.933
HYPE_4h_fixed_pct_2026-05-12,HYPE,4h,short,fixed_pct,40.284,41.519678565,40.633,41.519678565,7.8,Low-Medium Risk,2026-05-12T22:00:35.683219+00:00,closed,0.0382285771025717,41.519678565,2026-05-14T16:22:41.872583+00:00,sl_hit,-3.067,loss,40.66,-0.933
HYPE_4h_trailing_2026-05-12,HYPE,4h,short,trailing,40.284,41.519678565,40.633,41.519678565,7.8,Low-Medium Risk,2026-05-12T22:00:35.683219+00:00,closed,0.0382285771025717,41.519678565,2026-05-14T16:22:41.876356+00:00,trailing_sl,-3.067,loss,40.66,-0.933
HYPE_1h_cpr_target_2026-05-14,HYPE,1h,long,cpr_target,40.152,39.51342856,41.42914288,39.51342856,7.88,Low-Medium Risk,2026-05-14T13:22:23.498068+00:00,closed,0.0584777844192069,41.42914288,2026-05-14T16:22:41.880175+00:00,tp_r1_hit,3.181,win,40.66,1.265
WIF_1h_cpr_target_2026-05-14,WIF,1h,long,cpr_target,0.21642,0.21297214,0.22331572,0.21297214,7.1,Low-Medium Risk,2026-05-14T13:22:23.501305+00:00,closed,0.0409389150725441,0.22331572,2026-05-14T16:22:41.883858+00:00,tp_r1_hit,3.186,win,0.21666,0.111
HYPE_1h_fixed_pct_2026-05-14,HYPE,1h,long,fixed_pct,40.152,39.51342856,41.42914288,39.51342856,7.88,Low-Medium Risk,2026-05-14T13:22:23.498068+00:00,closed,0.1103307431759314,44.582,2026-05-15T00:14:47.133110+00:00,target_hit (+10%),11.033,win,44.156,9.972
HYPE_1d_fixed_pct_2026-05-12,HYPE,1d,short,fixed_pct,41.996,44.659892855,42.18333333,44.659892855,7.3,Low-Medium Risk,2026-05-12T17:00:36.578993+00:00,closed,0.0774359462805982,46.074,2026-05-15T08:22:53.964191+00:00,stop_hit (-7%),-9.71,loss,44.582,-6.158
HYPE_1d_fixed_pct_2026-05-12,HYPE,1d,short,fixed_pct,41.996,44.659892855,42.18333333,44.659892855,7.3,Low-Medium Risk,2026-05-12T22:00:35.684514+00:00,closed,0.0774359462805982,46.074,2026-05-15T08:22:53.969478+00:00,stop_hit (-7%),-9.71,loss,44.582,-6.158
WIF_1h_fixed_pct_2026-05-14,WIF,1h,long,fixed_pct,0.21642,0.21297214,0.22331572,0.21297214,7.1,Low-Medium Risk,2026-05-14T13:22:23.501305+00:00,closed,0.0409389150725441,0.21297214,2026-05-15T08:22:53.974534+00:00,sl_hit,-1.593,loss,0.22162,2.403
WIF_1h_trailing_2026-05-14,WIF,1h,long,trailing,0.21642,0.21297214,0.22331572,0.21297214,7.1,Low-Medium Risk,2026-05-14T13:22:23.501305+00:00,closed,0.0409389150725441,0.21297214,2026-05-15T08:22:53.978652+00:00,trailing_sl,-1.593,loss,0.22162,2.403
HYPE_4h_cpr_target_2026-05-14,HYPE,4h,long,cpr_target,42.632,41.22478571,45.44642858,41.22478571,7.99,Low-Medium Risk,2026-05-14T20:19:45.712788+00:00,closed,0.0807374741977857,45.44642858,2026-05-15T08:22:53.982731+00:00,tp_r1_hit,6.602,win,44.582,4.574
HYPE_4h_cpr_target_2026-05-15,HYPE,4h,long,cpr_target,42.632,41.22478571,45.44642858,41.22478571,8.3,Low Risk,2026-05-15T00:14:47.125926+00:00,closed,0.0807374741977857,45.44642858,2026-05-15T08:22:53.986728+00:00,tp_r1_hit,6.602,win,44.582,4.574
LINK_4h_fixed_pct_2026-05-14,LINK,4h,long,fixed_pct,10.658,10.30967856,11.35464288,10.30967856,7.8,Low-Medium Risk,2026-05-14T20:19:45.715446+00:00,closed,0.0,10.30967856,2026-05-15T10:06:42.237534+00:00,sl_hit,-3.268,loss,10.33,-3.078
LINK_4h_cpr_target_2026-05-14,LINK,4h,long,cpr_target,10.658,10.30967856,11.35464288,10.30967856,7.8,Low-Medium Risk,2026-05-14T20:19:45.715446+00:00,closed,0.0,10.30967856,2026-05-15T10:06:42.242892+00:00,sl_hit,-3.268,loss,10.33,-3.078
LINK_4h_trailing_2026-05-14,LINK,4h,long,trailing,10.658,10.30967856,11.35464288,10.30967856,7.8,Low-Medium Risk,2026-05-14T20:19:45.715446+00:00,closed,0.0,10.30967856,2026-05-15T10:06:42.246988+00:00,trailing_sl,-3.268,loss,10.33,-3.078
TON_1w_fixed_pct_2026-05-15,TON,1w,long,fixed_pct,2.4556,2.06907144,3.22865712,2.06907144,7.32,Low-Medium Risk,2026-05-15T10:06:42.232770+00:00,closed,0.0,2.0812,2026-05-15T10:06:42.251120+00:00,stop_hit (-7%),-15.247,loss,,
TON_1w_trailing_2026-05-12,TON,1w,long,trailing,2.4556,2.069071435,1.37093333,2.069071435,7.02,Low-Medium Risk,2026-05-12T17:00:36.579593+00:00,closed,0.0,2.069071435,2026-05-15T16:15:24.423486+00:00,trailing_sl,-15.741,loss,2.0812,-15.247
TON_1w_trailing_2026-05-12,TON,1w,long,trailing,2.4556,2.069071435,1.37093333,2.069071435,7.32,Low-Medium Risk,2026-05-12T22:00:35.684058+00:00,closed,0.0,2.069071435,2026-05-15T16:15:24.428407+00:00,trailing_sl,-15.741,loss,2.0812,-15.247
TON_1w_trailing_2026-05-13,TON,1w,long,trailing,2.4556,2.069071435,1.37093333,2.069071435,7.32,Low-Medium Risk,2026-05-13T08:24:32.561819+00:00,closed,0.0,2.069071435,2026-05-15T16:15:24.432957+00:00,trailing_sl,-15.741,loss,2.0812,-15.247
TRUMP_1d_fixed_pct_2026-05-13,TRUMP,1d,long,fixed_pct,2.4429,2.247728565,2.48706667,2.247728565,7.0,Low-Medium Risk,2026-05-13T08:24:32.563004+00:00,closed,0.0171926808301609,2.2271,2026-05-15T16:15:24.436586+00:00,stop_hit (-7%),-8.834,loss,2.3268,-4.753
TRUMP_1d_cpr_target_2026-05-13,TRUMP,1d,long,cpr_target,2.4429,2.247728565,2.48706667,2.247728565,7.0,Low-Medium Risk,2026-05-13T08:24:32.563004+00:00,closed,0.0171926808301609,2.247728565,2026-05-15T16:15:24.440282+00:00,sl_hit,-7.989,loss,2.3268,-4.753
TRUMP_1d_trailing_2026-05-13,TRUMP,1d,long,trailing,2.4429,2.247728565,2.48706667,2.247728565,7.0,Low-Medium Risk,2026-05-13T08:24:32.563004+00:00,closed,0.0171926808301609,2.247728565,2026-05-15T16:15:24.443880+00:00,trailing_sl,-7.989,loss,2.3268,-4.753
STABLE_1d_fixed_pct_2026-05-13,STABLE,1d,long,fixed_pct,0.040304,0.03695975,0.03499933,0.03695975,6.81,Low-Medium Risk,2026-05-13T08:24:32.563656+00:00,closed,0.0479853116315997,0.036427,2026-05-15T16:15:24.447528+00:00,stop_hit (-7%),-9.619,loss,0.037774,-6.277
STABLE_1d_trailing_2026-05-13,STABLE,1d,long,trailing,0.040304,0.03695975,0.03499933,0.03695975,6.81,Low-Medium Risk,2026-05-13T08:24:32.563656+00:00,closed,0.0479853116315997,0.03695975,2026-05-15T16:15:24.451269+00:00,trailing_sl,-8.298,loss,0.037774,-6.277
LINK_1d_fixed_pct_2026-05-13,LINK,1d,long,fixed_pct,10.729,10.14993571,11.88712858,10.14993571,7.31,Low-Medium Risk,2026-05-13T21:02:03.992145+00:00,closed,0.0,10.14993571,2026-05-15T16:15:24.454998+00:00,sl_hit,-5.397,loss,10.267,-4.306
LINK_1d_cpr_target_2026-05-13,LINK,1d,long,cpr_target,10.729,10.14993571,11.88712858,10.14993571,7.31,Low-Medium Risk,2026-05-13T21:02:03.992145+00:00,closed,0.0,10.14993571,2026-05-15T16:15:24.458578+00:00,sl_hit,-5.397,loss,10.267,-4.306
LINK_1d_trailing_2026-05-13,LINK,1d,long,trailing,10.729,10.14993571,11.88712858,10.14993571,7.31,Low-Medium Risk,2026-05-13T21:02:03.992145+00:00,closed,0.0,10.14993571,2026-05-15T16:15:24.462195+00:00,trailing_sl,-5.397,loss,10.267,-4.306
STABLE_1d_fixed_pct_2026-05-13,STABLE,1d,long,fixed_pct,0.040304,0.03695975,0.0469925,0.03695975,7.01,Low-Medium Risk,2026-05-13T21:02:03.992811+00:00,closed,0.0479853116315997,0.036427,2026-05-15T16:15:24.465794+00:00,stop_hit (-7%),-9.619,loss,0.037774,-6.277
STABLE_1d_cpr_target_2026-05-13,STABLE,1d,long,cpr_target,0.040304,0.03695975,0.0469925,0.03695975,7.01,Low-Medium Risk,2026-05-13T21:02:03.992811+00:00,closed,0.0479853116315997,0.03695975,2026-05-15T16:15:24.469439+00:00,sl_hit,-8.298,loss,0.037774,-6.277
STABLE_1d_trailing_2026-05-13,STABLE,1d,long,trailing,0.040304,0.03695975,0.0469925,0.03695975,7.01,Low-Medium Risk,2026-05-13T21:02:03.992811+00:00,closed,0.0479853116315997,0.03695975,2026-05-15T16:15:24.473063+00:00,trailing_sl,-8.298,loss,0.037774,-6.277
HBAR_1d_fixed_pct_2026-05-13,HBAR,1d,long,fixed_pct,0.097556,0.09303446,0.10659908,0.09303446,7.01,Low-Medium Risk,2026-05-13T21:02:03.993525+00:00,closed,0.0,0.09303446,2026-05-15T16:15:24.476734+00:00,sl_hit,-4.635,loss,0.093528,-4.129
HBAR_1d_cpr_target_2026-05-13,HBAR,1d,long,cpr_target,0.097556,0.09303446,0.10659908,0.09303446,7.01,Low-Medium Risk,2026-05-13T21:02:03.993525+00:00,closed,0.0,0.09303446,2026-05-15T16:15:24.480389+00:00,sl_hit,-4.635,loss,0.093528,-4.129
HBAR_1d_trailing_2026-05-13,HBAR,1d,long,trailing,0.097556,0.09303446,0.10659908,0.09303446,7.01,Low-Medium Risk,2026-05-13T21:02:03.993525+00:00,closed,0.0,0.09303446,2026-05-15T16:15:24.484112+00:00,trailing_sl,-4.635,loss,0.093528,-4.129
PENDLE_1w_trailing_2026-05-14,PENDLE,1w,long,trailing,1.9479,1.50574071,2.83221858,2.008314,8.23,Low Risk,2026-05-14T07:38:10.177262+00:00,closed,0.0520560603727091,2.008314,2026-05-15T16:15:24.487896+00:00,trailing_sl,3.101,win,2.0246,3.938
TON_1w_cpr_target_2026-05-14,TON,1w,long,cpr_target,2.4556,2.06907144,3.22865712,2.06907144,7.4,Low-Medium Risk,2026-05-14T07:38:10.179797+00:00,closed,0.0,2.06907144,2026-05-15T16:15:24.491790+00:00,sl_hit,-15.741,loss,2.0812,-15.247
TON_1w_trailing_2026-05-14,TON,1w,long,trailing,2.4556,2.06907144,3.22865712,2.06907144,7.4,Low-Medium Risk,2026-05-14T07:38:10.179797+00:00,closed,0.0,2.06907144,2026-05-15T16:15:24.495619+00:00,trailing_sl,-15.741,loss,2.0812,-15.247
LINK_1d_fixed_pct_2026-05-14,LINK,1d,long,fixed_pct,10.729,10.14993571,11.88712858,10.14993571,7.31,Low-Medium Risk,2026-05-14T07:38:10.180747+00:00,closed,0.0,10.14993571,2026-05-15T16:15:24.499543+00:00,sl_hit,-5.397,loss,10.267,-4.306
LINK_1d_cpr_target_2026-05-14,LINK,1d,long,cpr_target,10.729,10.14993571,11.88712858,10.14993571,7.31,Low-Medium Risk,2026-05-14T07:38:10.180747+00:00,closed,0.0,10.14993571,2026-05-15T16:15:24.503300+00:00,sl_hit,-5.397,loss,10.267,-4.306
LINK_1d_trailing_2026-05-14,LINK,1d,long,trailing,10.729,10.14993571,11.88712858,10.14993571,7.31,Low-Medium Risk,2026-05-14T07:38:10.180747+00:00,closed,0.0,10.14993571,2026-05-15T16:15:24.507114+00:00,trailing_sl,-5.397,loss,10.267,-4.306
HYPE_1h_trailing_2026-05-14,HYPE,1h,long,trailing,40.152,39.51342856,41.42914288,45.15252,7.88,Low-Medium Risk,2026-05-14T13:22:23.498068+00:00,closed,0.1474895397489539,45.15252,2026-05-15T16:15:24.510956+00:00,trailing_sl,12.454,win,45.417,13.113
LINK_1d_fixed_pct_2026-05-14,LINK,1d,long,fixed_pct,10.729,10.14993571,11.88712858,10.14993571,7.58,Low-Medium Risk,2026-05-14T13:22:23.499114+00:00,closed,0.0,10.14993571,2026-05-15T16:15:24.514775+00:00,sl_hit,-5.397,loss,10.267,-4.306
LINK_1d_cpr_target_2026-05-14,LINK,1d,long,cpr_target,10.729,10.14993571,11.88712858,10.14993571,7.58,Low-Medium Risk,2026-05-14T13:22:23.499114+00:00,closed,0.0,10.14993571,2026-05-15T16:15:24.518597+00:00,sl_hit,-5.397,loss,10.267,-4.306
LINK_1d_trailing_2026-05-14,LINK,1d,long,trailing,10.729,10.14993571,11.88712858,10.14993571,7.58,Low-Medium Risk,2026-05-14T13:22:23.499114+00:00,closed,0.0,10.14993571,2026-05-15T16:15:24.522473+00:00,trailing_sl,-5.397,loss,10.267,-4.306
TON_1w_cpr_target_2026-05-14,TON,1w,long,cpr_target,2.4556,2.06907144,3.22865712,2.06907144,7.32,Low-Medium Risk,2026-05-14T13:22:23.500187+00:00,closed,0.0,2.06907144,2026-05-15T16:15:24.526434+00:00,sl_hit,-15.741,loss,2.0812,-15.247
TON_1w_trailing_2026-05-14,TON,1w,long,trailing,2.4556,2.06907144,3.22865712,2.06907144,7.32,Low-Medium Risk,2026-05-14T13:22:23.500187+00:00,closed,0.0,2.06907144,2026-05-15T16:15:24.530273+00:00,trailing_sl,-15.741,loss,2.0812,-15.247
DOGE_1h_fixed_pct_2026-05-14,DOGE,1h,long,fixed_pct,0.11614,0.11376893,0.12088214,0.11376893,8.49,Low Risk,2026-05-14T20:19:45.711314+00:00,closed,0.0,0.11376893,2026-05-15T16:15:24.534153+00:00,sl_hit,-2.042,loss,0.11428,-1.602
DOGE_1h_cpr_target_2026-05-14,DOGE,1h,long,cpr_target,0.11614,0.11376893,0.12088214,0.11376893,8.49,Low Risk,2026-05-14T20:19:45.711314+00:00,closed,0.0,0.11376893,2026-05-15T16:15:24.538048+00:00,sl_hit,-2.042,loss,0.11428,-1.602
DOGE_1h_trailing_2026-05-14,DOGE,1h,long,trailing,0.11614,0.11376893,0.12088214,0.11376893,8.49,Low Risk,2026-05-14T20:19:45.711314+00:00,closed,0.0,0.11376893,2026-05-15T16:15:24.541918+00:00,trailing_sl,-2.042,loss,0.11428,-1.602
HYPE_4h_trailing_2026-05-14,HYPE,4h,long,trailing,42.632,41.22478571,45.44642858,45.15252,7.99,Low-Medium Risk,2026-05-14T20:19:45.712788+00:00,closed,0.0807374741977857,45.15252,2026-05-15T16:15:24.545776+00:00,trailing_sl,5.912,win,45.417,6.533
TAO_4h_fixed_pct_2026-05-14,TAO,4h,long,fixed_pct,305.67,295.23,326.55,295.23,7.88,Low-Medium Risk,2026-05-14T20:19:45.714119+00:00,closed,0.0006870154087741,295.23,2026-05-15T16:15:24.549698+00:00,sl_hit,-3.415,loss,299.45,-2.035
TAO_4h_cpr_target_2026-05-14,TAO,4h,long,cpr_target,305.67,295.23,326.55,295.23,7.88,Low-Medium Risk,2026-05-14T20:19:45.714119+00:00,closed,0.0006870154087741,295.23,2026-05-15T16:15:24.553626+00:00,sl_hit,-3.415,loss,299.45,-2.035
TAO_4h_trailing_2026-05-14,TAO,4h,long,trailing,305.67,295.23,326.55,295.23,7.88,Low-Medium Risk,2026-05-14T20:19:45.714119+00:00,closed,0.0006870154087741,295.23,2026-05-15T16:15:24.557544+00:00,trailing_sl,-3.415,loss,299.45,-2.035
HYPE_4h_trailing_2026-05-15,HYPE,4h,long,trailing,42.632,41.22478571,45.44642858,45.15252,8.3,Low Risk,2026-05-15T00:14:47.125926+00:00,closed,0.0807374741977857,45.15252,2026-05-15T16:15:24.561525+00:00,trailing_sl,5.912,win,45.417,6.533
PENDLE_1w_trailing_2026-05-15,PENDLE,1w,long,trailing,1.9479,1.50574071,2.83221858,2.008314,8.23,Low Risk,2026-05-15T00:14:47.127398+00:00,closed,0.0520560603727091,2.008314,2026-05-15T16:15:24.565524+00:00,trailing_sl,3.101,win,2.0246,3.938
XRP_4h_fixed_pct_2026-05-15,XRP,4h,long,fixed_pct,1.4721,1.43882144,1.53865712,1.43882144,7.6,Low-Medium Risk,2026-05-15T00:14:47.130176+00:00,closed,0.01175191902724,1.43882144,2026-05-15T16:15:24.569510+00:00,sl_hit,-2.261,loss,1.4629,-0.625
XRP_4h_cpr_target_2026-05-15,XRP,4h,long,cpr_target,1.4721,1.43882144,1.53865712,1.43882144,7.6,Low-Medium Risk,2026-05-15T00:14:47.130176+00:00,closed,0.01175191902724,1.43882144,2026-05-15T16:15:24.573598+00:00,sl_hit,-2.261,loss,1.4629,-0.625
XRP_4h_trailing_2026-05-15,XRP,4h,long,trailing,1.4721,1.43882144,1.53865712,1.43882144,7.6,Low-Medium Risk,2026-05-15T00:14:47.130176+00:00,closed,0.01175191902724,1.43882144,2026-05-15T16:15:24.577774+00:00,trailing_sl,-2.261,loss,1.4629,-0.625
STABLE_1d_fixed_pct_2026-05-15,STABLE,1d,long,fixed_pct,0.040304,0.03695975,0.0469925,0.03695975,7.31,Low-Medium Risk,2026-05-15T00:14:47.131563+00:00,closed,0.0077659785629218,0.036427,2026-05-15T16:15:24.581794+00:00,stop_hit (-7%),-9.619,loss,0.037774,-6.277
STABLE_1d_cpr_target_2026-05-15,STABLE,1d,long,cpr_target,0.040304,0.03695975,0.0469925,0.03695975,7.31,Low-Medium Risk,2026-05-15T00:14:47.131563+00:00,closed,0.0077659785629218,0.03695975,2026-05-15T16:15:24.585873+00:00,sl_hit,-8.298,loss,0.037774,-6.277
STABLE_1d_trailing_2026-05-15,STABLE,1d,long,trailing,0.040304,0.03695975,0.0469925,0.03695975,7.31,Low-Medium Risk,2026-05-15T00:14:47.131563+00:00,closed,0.0077659785629218,0.03695975,2026-05-15T16:15:24.589939+00:00,trailing_sl,-8.298,loss,0.037774,-6.277
HYPE_4h_fixed_pct_2026-05-15,HYPE,4h,long,fixed_pct,46.706,44.88264286,50.35271428,44.88264286,8.3,Low Risk,2026-05-15T10:06:42.229801+00:00,closed,0.0,44.88264286,2026-05-15T16:15:24.594034+00:00,sl_hit,-3.904,loss,45.417,-2.76
HYPE_4h_cpr_target_2026-05-15,HYPE,4h,long,cpr_target,46.706,44.88264286,50.35271428,44.88264286,8.3,Low Risk,2026-05-15T10:06:42.229801+00:00,closed,0.0,44.88264286,2026-05-15T16:15:24.598123+00:00,sl_hit,-3.904,loss,45.417,-2.76
HYPE_4h_trailing_2026-05-15,HYPE,4h,long,trailing,46.706,44.88264286,50.35271428,44.88264286,8.3,Low Risk,2026-05-15T10:06:42.229801+00:00,closed,0.0,44.88264286,2026-05-15T16:15:24.602219+00:00,trailing_sl,-3.904,loss,45.417,-2.76
TON_1w_cpr_target_2026-05-15,TON,1w,long,cpr_target,2.4556,2.06907144,3.22865712,2.06907144,7.32,Low-Medium Risk,2026-05-15T10:06:42.232770+00:00,closed,0.0,2.06907144,2026-05-15T16:15:24.606365+00:00,sl_hit,-15.741,loss,2.0812,-15.247
TON_1w_trailing_2026-05-15,TON,1w,long,trailing,2.4556,2.06907144,3.22865712,2.06907144,7.32,Low-Medium Risk,2026-05-15T10:06:42.232770+00:00,closed,0.0,2.06907144,2026-05-15T16:15:24.610449+00:00,trailing_sl,-15.741,loss,2.0812,-15.247
DOGE_4h_fixed_pct_2026-05-15,DOGE,4h,long,fixed_pct,0.1162,0.11210286,0.12439428,0.11210286,7.22,Low-Medium Risk,2026-05-15T10:06:42.234262+00:00,closed,0.0,0.11210286,2026-05-15T16:15:24.614651+00:00,sl_hit,-3.526,loss,0.11428,-1.652
DOGE_4h_cpr_target_2026-05-15,DOGE,4h,long,cpr_target,0.1162,0.11210286,0.12439428,0.11210286,7.22,Low-Medium Risk,2026-05-15T10:06:42.234262+00:00,closed,0.0,0.11210286,2026-05-15T16:15:24.618748+00:00,sl_hit,-3.526,loss,0.11428,-1.652
DOGE_4h_trailing_2026-05-15,DOGE,4h,long,trailing,0.1162,0.11210286,0.12439428,0.11210286,7.22,Low-Medium Risk,2026-05-15T10:06:42.234262+00:00,closed,0.0,0.11210286,2026-05-15T16:15:24.622911+00:00,trailing_sl,-3.526,loss,0.11428,-1.652
CFX_1d_fixed_pct_2026-05-15,CFX,1d,long,fixed_pct,0.076643,0.0699246,0.0900798,0.0699246,7.01,Low-Medium Risk,2026-05-15T10:06:42.235794+00:00,closed,0.0,0.068616,2026-05-15T16:15:24.627051+00:00,stop_hit (-7%),-10.473,loss,0.073156,-4.55
CFX_1d_cpr_target_2026-05-15,CFX,1d,long,cpr_target,0.076643,0.0699246,0.0900798,0.0699246,7.01,Low-Medium Risk,2026-05-15T10:06:42.235794+00:00,closed,0.0,0.0699246,2026-05-15T16:15:24.631278+00:00,sl_hit,-8.766,loss,0.073156,-4.55
CFX_1d_trailing_2026-05-15,CFX,1d,long,trailing,0.076643,0.0699246,0.0900798,0.0699246,7.01,Low-Medium Risk,2026-05-15T10:06:42.235794+00:00,closed,0.0,0.0699246,2026-05-15T16:15:24.635449+00:00,trailing_sl,-8.766,loss,0.073156,-4.55
HYPE_4h_fixed_pct_2026-05-15,HYPE,4h,long,fixed_pct,46.706,44.88264286,50.35271428,44.88264286,8.8,Low Risk,2026-05-15T17:13:58.540255+00:00,closed,0.0,44.88264286,2026-05-15T17:13:58.544677+00:00,sl_hit,-3.904,loss,,
HYPE_4h_cpr_target_2026-05-15,HYPE,4h,long,cpr_target,46.706,44.88264286,50.35271428,44.88264286,8.8,Low Risk,2026-05-15T17:13:58.540255+00:00,closed,0.0,44.88264286,2026-05-15T17:13:58.550648+00:00,sl_hit,-3.904,loss,,
HYPE_4h_trailing_2026-05-15,HYPE,4h,long,trailing,46.706,44.88264286,50.35271428,44.88264286,8.8,Low Risk,2026-05-15T17:13:58.540255+00:00,closed,0.0,44.88264286,2026-05-15T17:13:58.555424+00:00,trailing_sl,-3.904,loss,,
ZEC_4h_fixed_pct_2026-05-15,ZEC,4h,long,fixed_pct,547.29,515.29714285,611.2757143,515.29714285,7.72,Low-Medium Risk,2026-05-15T00:14:47.128791+00:00,closed,0.0225291892780793,515.29714285,2026-05-15T20:41:39.140371+00:00,sl_hit,-5.846,loss,521.72,-4.672
ZEC_4h_cpr_target_2026-05-15,ZEC,4h,long,cpr_target,547.29,515.29714285,611.2757143,515.29714285,7.72,Low-Medium Risk,2026-05-15T00:14:47.128791+00:00,closed,0.0225291892780793,515.29714285,2026-05-15T20:41:39.146754+00:00,sl_hit,-5.846,loss,521.72,-4.672
ZEC_4h_trailing_2026-05-15,ZEC,4h,long,trailing,547.29,515.29714285,611.2757143,515.29714285,7.72,Low-Medium Risk,2026-05-15T00:14:47.128791+00:00,closed,0.0225291892780793,515.29714285,2026-05-15T20:41:39.152530+00:00,trailing_sl,-5.846,loss,521.72,-4.672
STABLE_1d_fixed_pct_2026-05-15,STABLE,1d,long,fixed_pct,0.040304,0.03695975,0.0469925,0.03695975,7.01,Low-Medium Risk,2026-05-15T21:39:49.805863+00:00,closed,0.0,0.036032,2026-05-15T21:39:49.808034+00:00,stop_hit (-7%),-10.599,loss,,
STABLE_1d_cpr_target_2026-05-15,STABLE,1d,long,cpr_target,0.040304,0.03695975,0.0469925,0.03695975,7.01,Low-Medium Risk,2026-05-15T21:39:49.805863+00:00,closed,0.0,0.03695975,2026-05-15T21:39:49.814214+00:00,sl_hit,-8.298,loss,,
STABLE_1d_trailing_2026-05-15,STABLE,1d,long,trailing,0.040304,0.03695975,0.0469925,0.03695975,7.01,Low-Medium Risk,2026-05-15T21:39:49.805863+00:00,closed,0.0,0.03695975,2026-05-15T21:39:49.819148+00:00,trailing_sl,-8.298,loss,,
RUNE_4h_cpr_target_2026-05-15,RUNE,4h,short,cpr_target,0.53584,0.55911356,0.48929288,0.55911356,7.19,Low-Medium Risk,2026-05-15T21:39:49.804868+00:00,closed,0.087731412361899,0.48929288,2026-05-16T00:12:45.724901+00:00,tp_s1_hit,8.687,win,0.50139,6.429
RUNE_4h_fixed_pct_2026-05-15,RUNE,4h,short,fixed_pct,0.53584,0.55911356,0.48929288,0.55911356,7.19,Low-Medium Risk,2026-05-15T21:39:49.804868+00:00,closed,0.1328381606449686,0.46466,2026-05-16T06:40:47.327646+00:00,target_hit (+10%),13.284,win,0.48883,8.773
PENDLE_1d_trailing_2026-05-12,PENDLE,1d,long,trailing,2.148,1.865871435,2.03263333,1.865871435,7.13,Low-Medium Risk,2026-05-12T17:00:36.579276+00:00,closed,0.0,1.865871435,2026-05-16T07:33:15.781070+00:00,trailing_sl,-13.134,loss,1.9777,-7.928
PENDLE_1d_trailing_2026-05-12,PENDLE,1d,long,trailing,2.148,1.865871435,2.03263333,1.865871435,7.63,Low-Medium Risk,2026-05-12T22:00:35.683610+00:00,closed,0.0,1.865871435,2026-05-16T07:33:15.786757+00:00,trailing_sl,-13.134,loss,1.9777,-7.928
PENDLE_1d_trailing_2026-05-13,PENDLE,1d,long,trailing,2.148,1.865871435,2.03263333,1.865871435,7.13,Low-Medium Risk,2026-05-13T08:24:32.562387+00:00,closed,0.0,1.865871435,2026-05-16T07:33:15.791929+00:00,trailing_sl,-13.134,loss,1.9777,-7.928
DOGE_4h_fixed_pct_2026-05-13,DOGE,4h,long,fixed_pct,0.11294,0.10982106,0.11917788,0.10982106,7.52,Low-Medium Risk,2026-05-13T21:02:03.991498+00:00,closed,0.0277138303523995,0.10982106,2026-05-16T07:33:15.796335+00:00,sl_hit,-2.762,loss,0.11113,-1.603
DOGE_4h_cpr_target_2026-05-13,DOGE,4h,long,cpr_target,0.11294,0.10982106,0.11917788,0.10982106,7.52,Low-Medium Risk,2026-05-13T21:02:03.991498+00:00,closed,0.0277138303523995,0.10982106,2026-05-16T07:33:15.800884+00:00,sl_hit,-2.762,loss,0.11113,-1.603
DOGE_4h_trailing_2026-05-13,DOGE,4h,long,trailing,0.11294,0.10982106,0.11917788,0.10982106,7.52,Low-Medium Risk,2026-05-13T21:02:03.991498+00:00,closed,0.0277138303523995,0.10982106,2026-05-16T07:33:15.805302+00:00,trailing_sl,-2.762,loss,0.11113,-1.603
DOGE_4h_fixed_pct_2026-05-14,DOGE,4h,long,fixed_pct,0.11294,0.10982106,0.11917788,0.10982106,7.52,Low-Medium Risk,2026-05-14T07:38:10.178940+00:00,closed,0.0277138303523995,0.10982106,2026-05-16T07:33:15.809734+00:00,sl_hit,-2.762,loss,0.11113,-1.603
DOGE_4h_cpr_target_2026-05-14,DOGE,4h,long,cpr_target,0.11294,0.10982106,0.11917788,0.10982106,7.52,Low-Medium Risk,2026-05-14T07:38:10.178940+00:00,closed,0.0277138303523995,0.10982106,2026-05-16T07:33:15.814188+00:00,sl_hit,-2.762,loss,0.11113,-1.603
DOGE_4h_trailing_2026-05-14,DOGE,4h,long,trailing,0.11294,0.10982106,0.11917788,0.10982106,7.52,Low-Medium Risk,2026-05-14T07:38:10.178940+00:00,closed,0.0277138303523995,0.10982106,2026-05-16T07:33:15.818690+00:00,trailing_sl,-2.762,loss,0.11113,-1.603
XRP_1d_fixed_pct_2026-05-13,XRP,1d,long,fixed_pct,1.473,1.40926071,1.60047858,1.40926071,7.91,Low-Medium Risk,2026-05-13T21:02:03.990851+00:00,closed,0.0230142566191444,1.40926071,2026-05-16T10:50:59.484349+00:00,sl_hit,-4.327,loss,1.4109,-4.216
XRP_1d_cpr_target_2026-05-13,XRP,1d,long,cpr_target,1.473,1.40926071,1.60047858,1.40926071,7.91,Low-Medium Risk,2026-05-13T21:02:03.990851+00:00,closed,0.0230142566191444,1.40926071,2026-05-16T10:50:59.490626+00:00,sl_hit,-4.327,loss,1.4109,-4.216
XRP_1d_trailing_2026-05-13,XRP,1d,long,trailing,1.473,1.40926071,1.60047858,1.40926071,7.91,Low-Medium Risk,2026-05-13T21:02:03.990851+00:00,closed,0.0230142566191444,1.40926071,2026-05-16T10:50:59.495601+00:00,trailing_sl,-4.327,loss,1.4109,-4.216
XRP_1d_fixed_pct_2026-05-14,XRP,1d,long,fixed_pct,1.473,1.40926071,1.60047858,1.40926071,7.91,Low-Medium Risk,2026-05-14T07:38:10.178119+00:00,closed,0.0230142566191444,1.40926071,2026-05-16T10:50:59.500485+00:00,sl_hit,-4.327,loss,1.4109,-4.216
XRP_1d_cpr_target_2026-05-14,XRP,1d,long,cpr_target,1.473,1.40926071,1.60047858,1.40926071,7.91,Low-Medium Risk,2026-05-14T07:38:10.178119+00:00,closed,0.0230142566191444,1.40926071,2026-05-16T10:50:59.505543+00:00,sl_hit,-4.327,loss,1.4109,-4.216
XRP_1d_trailing_2026-05-14,XRP,1d,long,trailing,1.473,1.40926071,1.60047858,1.40926071,7.91,Low-Medium Risk,2026-05-14T07:38:10.178119+00:00,closed,0.0230142566191444,1.40926071,2026-05-16T10:50:59.510641+00:00,trailing_sl,-4.327,loss,1.4109,-4.216
XRP_1d_fixed_pct_2026-05-14,XRP,1d,long,fixed_pct,1.473,1.40926071,1.60047858,1.40926071,8.48,Low Risk,2026-05-14T13:22:23.496924+00:00,closed,0.0230142566191444,1.40926071,2026-05-16T10:50:59.515650+00:00,sl_hit,-4.327,loss,1.4109,-4.216
XRP_1d_cpr_target_2026-05-14,XRP,1d,long,cpr_target,1.473,1.40926071,1.60047858,1.40926071,8.48,Low Risk,2026-05-14T13:22:23.496924+00:00,closed,0.0230142566191444,1.40926071,2026-05-16T10:50:59.520588+00:00,sl_hit,-4.327,loss,1.4109,-4.216
XRP_1d_trailing_2026-05-14,XRP,1d,long,trailing,1.473,1.40926071,1.60047858,1.40926071,8.48,Low Risk,2026-05-14T13:22:23.496924+00:00,closed,0.0230142566191444,1.40926071,2026-05-16T10:50:59.525564+00:00,trailing_sl,-4.327,loss,1.4109,-4.216
XRP_1d_fixed_pct_2026-05-14,XRP,1d,long,fixed_pct,1.473,1.40926071,1.60047858,1.40926071,8.6,Low Risk,2026-05-14T20:19:45.709705+00:00,closed,0.0230142566191444,1.40926071,2026-05-16T10:50:59.530486+00:00,sl_hit,-4.327,loss,1.4109,-4.216
XRP_1d_cpr_target_2026-05-14,XRP,1d,long,cpr_target,1.473,1.40926071,1.60047858,1.40926071,8.6,Low Risk,2026-05-14T20:19:45.709705+00:00,closed,0.0230142566191444,1.40926071,2026-05-16T10:50:59.535411+00:00,sl_hit,-4.327,loss,1.4109,-4.216
XRP_1d_trailing_2026-05-14,XRP,1d,long,trailing,1.473,1.40926071,1.60047858,1.40926071,8.6,Low Risk,2026-05-14T20:19:45.709705+00:00,closed,0.0230142566191444,1.40926071,2026-05-16T10:50:59.540341+00:00,trailing_sl,-4.327,loss,1.4109,-4.216
HYPE_4h_fixed_pct_2026-05-14,HYPE,4h,long,fixed_pct,42.632,41.22478571,45.44642858,41.22478571,7.99,Low-Medium Risk,2026-05-14T20:19:45.712788+00:00,closed,0.0807374741977857,41.22478571,2026-05-16T10:50:59.545317+00:00,sl_hit,-3.301,loss,41.821,-1.902
HYPE_4h_fixed_pct_2026-05-15,HYPE,4h,long,fixed_pct,42.632,41.22478571,45.44642858,41.22478571,8.3,Low Risk,2026-05-15T00:14:47.125926+00:00,closed,0.0807374741977857,41.22478571,2026-05-16T10:50:59.550314+00:00,sl_hit,-3.301,loss,41.821,-1.902
ONDO_1h_cpr_target_2026-05-15,ONDO,1h,short,cpr_target,0.36144,0.371025,0.34227,0.371025,7.77,Low-Medium Risk,2026-05-15T17:13:58.541938+00:00,closed,0.0535635236830455,0.34227,2026-05-16T10:50:59.555324+00:00,tp_s1_hit,5.304,win,0.34872,3.519
RUNE_1d_fixed_pct_2026-05-16,RUNE,1d,short,fixed_pct,0.49477,0.551095,0.38212,0.551095,7.31,Low-Medium Risk,2026-05-16T06:40:47.324352+00:00,closed,0.1322634759585262,0.42933,2026-05-16T10:50:59.560336+00:00,target_hit (+10%),13.226,win,0.45604,7.828
PENDLE_1w_fixed_pct_2026-05-12,PENDLE,1w,long,fixed_pct,1.9479,1.50574071,1.39086667,1.50574071,7.63,Low-Medium Risk,2026-05-12T17:00:36.578740+00:00,closed,0.0823964269212999,1.811,2026-05-16T14:44:13.223447+00:00,stop_hit (-7%),-7.028,loss,1.8461,-5.226
PENDLE_1w_fixed_pct_2026-05-12,PENDLE,1w,long,fixed_pct,1.9479,1.50574071,1.39086667,1.50574071,8.13,Low Risk,2026-05-12T22:00:35.682792+00:00,closed,0.0823964269212999,1.811,2026-05-16T14:44:13.230037+00:00,stop_hit (-7%),-7.028,loss,1.8461,-5.226
PENDLE_1w_fixed_pct_2026-05-13,PENDLE,1w,long,fixed_pct,1.9479,1.50574071,1.39086667,1.50574071,7.63,Low-Medium Risk,2026-05-13T08:24:32.561210+00:00,closed,0.0823964269212999,1.811,2026-05-16T14:44:13.235295+00:00,stop_hit (-7%),-7.028,loss,1.8461,-5.226
PENDLE_1w_fixed_pct_2026-05-14,PENDLE,1w,long,fixed_pct,1.9479,1.50574071,2.83221858,1.50574071,8.23,Low Risk,2026-05-14T07:38:10.177262+00:00,closed,0.0520560603727091,1.811,2026-05-16T14:44:13.240409+00:00,stop_hit (-7%),-7.028,loss,1.8461,-5.226
PENDLE_1w_fixed_pct_2026-05-15,PENDLE,1w,long,fixed_pct,1.9479,1.50574071,2.83221858,1.50574071,8.23,Low Risk,2026-05-15T00:14:47.127398+00:00,closed,0.0520560603727091,1.811,2026-05-16T14:44:13.245561+00:00,stop_hit (-7%),-7.028,loss,1.8461,-5.226
PENDLE_1w_fixed_pct_2026-05-15,PENDLE,1w,long,fixed_pct,1.9479,1.50574071,2.83221858,1.50574071,7.73,Low-Medium Risk,2026-05-15T10:06:42.231278+00:00,closed,0.0432260382976538,1.811,2026-05-16T14:44:13.250816+00:00,stop_hit (-7%),-7.028,loss,1.8461,-5.226
PENDLE_1w_fixed_pct_2026-05-15,PENDLE,1w,long,fixed_pct,1.9479,1.50574071,2.83221858,1.50574071,8.23,Low Risk,2026-05-15T17:13:58.541121+00:00,closed,0.0432260382976538,1.811,2026-05-16T14:44:13.256028+00:00,stop_hit (-7%),-7.028,loss,1.8461,-5.226
PUMP_1h_fixed_pct_2026-05-16,PUMP,1h,short,fixed_pct,0.001719,0.00174654,0.00166392,0.00174654,7.77,Low-Medium Risk,2026-05-16T10:50:59.479349+00:00,closed,0.0,0.00174654,2026-05-16T14:44:13.261195+00:00,sl_hit,-1.602,loss,0.001745,-1.513
PUMP_1h_cpr_target_2026-05-16,PUMP,1h,short,cpr_target,0.001719,0.00174654,0.00166392,0.00174654,7.77,Low-Medium Risk,2026-05-16T10:50:59.479349+00:00,closed,0.0,0.00174654,2026-05-16T14:44:13.266423+00:00,sl_hit,-1.602,loss,0.001745,-1.513
PUMP_1h_trailing_2026-05-16,PUMP,1h,short,trailing,0.001719,0.00174654,0.00166392,0.00174654,7.77,Low-Medium Risk,2026-05-16T10:50:59.479349+00:00,closed,0.0,0.00174654,2026-05-16T14:44:13.271452+00:00,trailing_sl,-1.602,loss,0.001745,-1.513
TON_1w_fixed_pct_2026-05-16,TON,1w,long,fixed_pct,2.4556,2.06907144,3.22865712,2.06907144,7.32,Low-Medium Risk,2026-05-16T14:44:13.219606+00:00,closed,0.0,1.9221,2026-05-16T14:44:13.276672+00:00,stop_hit (-7%),-21.726,loss,,
TON_1w_cpr_target_2026-05-16,TON,1w,long,cpr_target,2.4556,2.06907144,3.22865712,2.06907144,7.32,Low-Medium Risk,2026-05-16T14:44:13.219606+00:00,closed,0.0,2.06907144,2026-05-16T14:44:13.281828+00:00,sl_hit,-15.741,loss,,
TON_1w_trailing_2026-05-16,TON,1w,long,trailing,2.4556,2.06907144,3.22865712,2.06907144,7.32,Low-Medium Risk,2026-05-16T14:44:13.219606+00:00,closed,0.0,2.06907144,2026-05-16T14:44:13.286896+00:00,trailing_sl,-15.741,loss,,
RUNE_1d_fixed_pct_2026-05-16,RUNE,1d,short,fixed_pct,0.49477,0.551095,0.38212,0.551095,7.01,Low-Medium Risk,2026-05-16T14:44:13.220864+00:00,closed,0.1301412777654263,0.43038,2026-05-16T14:44:13.292003+00:00,target_hit (+10%),13.014,win,,
RUNE_4h_trailing_2026-05-15,RUNE,4h,short,trailing,0.53584,0.55911356,0.48929288,0.4320108,7.19,Low-Medium Risk,2026-05-15T21:39:49.804868+00:00,closed,0.2095774858166616,0.4320108,2026-05-16T15:43:05.561231+00:00,trailing_sl,19.377,win,0.43038,19.681
RUNE_1d_trailing_2026-05-16,RUNE,1d,short,trailing,0.49477,0.551095,0.38212,0.4320108,7.31,Low-Medium Risk,2026-05-16T06:40:47.324352+00:00,closed,0.1439658831376194,0.4320108,2026-05-16T15:43:05.567831+00:00,trailing_sl,12.685,win,0.43038,13.014
RUNE_1d_trailing_2026-05-16,RUNE,1d,short,trailing,0.49477,0.551095,0.38212,0.4389876,7.01,Low-Medium Risk,2026-05-16T14:44:13.220864+00:00,closed,0.1301412777654263,0.4389876,2026-05-16T18:07:52.457821+00:00,trailing_sl,11.274,win,0.43687,11.702
RUNE_1d_fixed_pct_2026-05-16,RUNE,1d,short,fixed_pct,0.49477,0.551095,0.38212,0.551095,7.01,Low-Medium Risk,2026-05-16T18:07:52.455102+00:00,closed,0.1097277522889423,0.44048,2026-05-16T18:07:52.464380+00:00,target_hit (+10%),10.973,win,,
TON_1w_fixed_pct_2026-05-16,TON,1w,long,fixed_pct,2.4556,2.06907144,3.22865712,2.06907144,7.32,Low-Medium Risk,2026-05-16T21:37:52.544881+00:00,closed,0.0,1.9159,2026-05-16T21:37:52.549318+00:00,stop_hit (-7%),-21.978,loss,,
TON_1w_cpr_target_2026-05-16,TON,1w,long,cpr_target,2.4556,2.06907144,3.22865712,2.06907144,7.32,Low-Medium Risk,2026-05-16T21:37:52.544881+00:00,closed,0.0,2.06907144,2026-05-16T21:37:52.556034+00:00,sl_hit,-15.741,loss,,
TON_1w_trailing_2026-05-16,TON,1w,long,trailing,2.4556,2.06907144,3.22865712,2.06907144,7.32,Low-Medium Risk,2026-05-16T21:37:52.544881+00:00,closed,0.0,2.06907144,2026-05-16T21:37:52.561312+00:00,trailing_sl,-15.741,loss,,
ONDO_1h_trailing_2026-05-15,ONDO,1h,short,trailing,0.36144,0.371025,0.34227,0.3489216,7.77,Low-Medium Risk,2026-05-15T17:13:58.541938+00:00,closed,0.0535635236830455,0.3489216,2026-05-17T07:45:05.688612+00:00,trailing_sl,3.463,win,0.34383,4.872
RUNE_1d_trailing_2026-05-16,RUNE,1d,short,trailing,0.49477,0.551095,0.38212,0.4448322,7.01,Low-Medium Risk,2026-05-16T18:07:52.455102+00:00,closed,0.1185601390545101,0.4448322,2026-05-17T07:45:05.695323+00:00,trailing_sl,10.093,win,0.43702,11.672
TON_1w_fixed_pct_2026-05-17,TON,1w,long,fixed_pct,2.4556,2.06907144,3.22865712,2.06907144,7.32,Low-Medium Risk,2026-05-17T07:45:05.685337+00:00,closed,0.0,1.9384,2026-05-17T07:45:05.700569+00:00,stop_hit (-7%),-21.062,loss,,
TON_1w_cpr_target_2026-05-17,TON,1w,long,cpr_target,2.4556,2.06907144,3.22865712,2.06907144,7.32,Low-Medium Risk,2026-05-17T07:45:05.685337+00:00,closed,0.0,2.06907144,2026-05-17T07:45:05.705717+00:00,sl_hit,-15.741,loss,,
TON_1w_trailing_2026-05-17,TON,1w,long,trailing,2.4556,2.06907144,3.22865712,2.06907144,7.32,Low-Medium Risk,2026-05-17T07:45:05.685337+00:00,closed,0.0,2.06907144,2026-05-17T07:45:05.710756+00:00,trailing_sl,-15.741,loss,,
TON_1w_fixed_pct_2026-05-17,TON,1w,long,fixed_pct,2.4556,2.06907144,3.22865712,2.06907144,7.32,Low-Medium Risk,2026-05-17T11:44:04.875210+00:00,closed,0.0,1.9539,2026-05-17T11:44:04.882397+00:00,stop_hit (-7%),-20.431,loss,,
TON_1w_cpr_target_2026-05-17,TON,1w,long,cpr_target,2.4556,2.06907144,3.22865712,2.06907144,7.32,Low-Medium Risk,2026-05-17T11:44:04.875210+00:00,closed,0.0,2.06907144,2026-05-17T11:44:04.889210+00:00,sl_hit,-15.741,loss,,
TON_1w_trailing_2026-05-17,TON,1w,long,trailing,2.4556,2.06907144,3.22865712,2.06907144,7.32,Low-Medium Risk,2026-05-17T11:44:04.875210+00:00,closed,0.0,2.06907144,2026-05-17T11:44:04.894832+00:00,trailing_sl,-15.741,loss,,
TON_1w_fixed_pct_2026-05-17,TON,1w,long,fixed_pct,2.4556,2.06907144,3.22865712,2.06907144,6.82,Low-Medium Risk,2026-05-17T15:43:53.848853+00:00,closed,0.0,1.9237,2026-05-17T15:43:53.850926+00:00,stop_hit (-7%),-21.661,loss,,
TON_1w_cpr_target_2026-05-17,TON,1w,long,cpr_target,2.4556,2.06907144,3.22865712,2.06907144,6.82,Low-Medium Risk,2026-05-17T15:43:53.848853+00:00,closed,0.0,2.06907144,2026-05-17T15:43:53.857744+00:00,sl_hit,-15.741,loss,,
TON_1w_trailing_2026-05-17,TON,1w,long,trailing,2.4556,2.06907144,3.22865712,2.06907144,6.82,Low-Medium Risk,2026-05-17T15:43:53.848853+00:00,closed,0.0,2.06907144,2026-05-17T15:43:53.863420+00:00,trailing_sl,-15.741,loss,,
HYPE_1h_fixed_pct_2026-05-17,HYPE,1h,long,fixed_pct,42.403,41.67882143,43.85135714,41.67882143,8.18,Low Risk,2026-05-17T07:45:05.680525+00:00,closed,0.1051576539395798,46.862,2026-05-17T19:57:20.051091+00:00,target_hit (+10%),10.516,win,43.525,2.646
HYPE_1h_cpr_target_2026-05-17,HYPE,1h,long,cpr_target,42.403,41.67882143,43.85135714,41.67882143,8.18,Low Risk,2026-05-17T07:45:05.680525+00:00,closed,0.1051576539395798,43.85135714,2026-05-17T19:57:20.057970+00:00,tp_r1_hit,3.416,win,43.525,2.646
HYPE_1h_cpr_target_2026-05-17,HYPE,1h,long,cpr_target,43.423,42.54903571,45.17092858,42.54903571,8.18,Low Risk,2026-05-17T15:43:53.841138+00:00,closed,0.0791976602261474,45.17092858,2026-05-17T19:57:20.063828+00:00,tp_r1_hit,4.025,win,43.525,0.235
MON_1h_fixed_pct_2026-05-17,MON,1h,short,fixed_pct,0.027938,0.02831729,0.02717942,0.02831729,7.28,Low-Medium Risk,2026-05-17T15:43:53.846945+00:00,closed,0.0,0.02831729,2026-05-17T19:57:20.069827+00:00,sl_hit,-1.358,loss,0.027976,-0.136
MON_1h_cpr_target_2026-05-17,MON,1h,short,cpr_target,0.027938,0.02831729,0.02717942,0.02831729,7.28,Low-Medium Risk,2026-05-17T15:43:53.846945+00:00,closed,0.0,0.02831729,2026-05-17T19:57:20.075561+00:00,sl_hit,-1.358,loss,0.027976,-0.136
MON_1h_trailing_2026-05-17,MON,1h,short,trailing,0.027938,0.02831729,0.02717942,0.02831729,7.28,Low-Medium Risk,2026-05-17T15:43:53.846945+00:00,closed,0.0,0.02831729,2026-05-17T19:57:20.081285+00:00,trailing_sl,-1.358,loss,0.027976,-0.136
TON_1w_fixed_pct_2026-05-17,TON,1w,long,fixed_pct,2.4556,2.06907144,3.22865712,2.06907144,7.32,Low-Medium Risk,2026-05-17T19:57:20.042665+00:00,closed,0.0,1.96,2026-05-17T19:57:20.086949+00:00,stop_hit (-7%),-20.182,loss,,
TON_1w_cpr_target_2026-05-17,TON,1w,long,cpr_target,2.4556,2.06907144,3.22865712,2.06907144,7.32,Low-Medium Risk,2026-05-17T19:57:20.042665+00:00,closed,0.0,2.06907144,2026-05-17T19:57:20.092555+00:00,sl_hit,-15.741,loss,,
TON_1w_trailing_2026-05-17,TON,1w,long,trailing,2.4556,2.06907144,3.22865712,2.06907144,7.32,Low-Medium Risk,2026-05-17T19:57:20.042665+00:00,closed,0.0,2.06907144,2026-05-17T19:57:20.098162+00:00,trailing_sl,-15.741,loss,,
APE_4h_fixed_pct_2026-05-17,APE,4h,long,fixed_pct,0.15302,0.14665786,0.16574428,0.14665786,7.82,Low-Medium Risk,2026-05-17T19:57:20.040568+00:00,closed,0.0,0.14665786,2026-05-17T22:40:45.003348+00:00,sl_hit,-4.158,loss,0.14818,-3.163
APE_4h_cpr_target_2026-05-17,APE,4h,long,cpr_target,0.15302,0.14665786,0.16574428,0.14665786,7.82,Low-Medium Risk,2026-05-17T19:57:20.040568+00:00,closed,0.0,0.14665786,2026-05-17T22:40:45.009937+00:00,sl_hit,-4.158,loss,0.14818,-3.163
APE_4h_trailing_2026-05-17,APE,4h,long,trailing,0.15302,0.14665786,0.16574428,0.14665786,7.82,Low-Medium Risk,2026-05-17T19:57:20.040568+00:00,closed,0.0,0.14665786,2026-05-17T22:40:45.015348+00:00,trailing_sl,-4.158,loss,0.14818,-3.163
TON_1w_fixed_pct_2026-05-17,TON,1w,long,fixed_pct,2.4556,2.06907144,3.22865712,2.06907144,7.32,Low-Medium Risk,2026-05-17T22:40:44.994921+00:00,closed,0.0,1.9651,2026-05-17T22:40:45.020627+00:00,stop_hit (-7%),-19.975,loss,,
TON_1w_cpr_target_2026-05-17,TON,1w,long,cpr_target,2.4556,2.06907144,3.22865712,2.06907144,7.32,Low-Medium Risk,2026-05-17T22:40:44.994921+00:00,closed,0.0,2.06907144,2026-05-17T22:40:45.026008+00:00,sl_hit,-15.741,loss,,
TON_1w_trailing_2026-05-17,TON,1w,long,trailing,2.4556,2.06907144,3.22865712,2.06907144,7.32,Low-Medium Risk,2026-05-17T22:40:44.994921+00:00,closed,0.0,2.06907144,2026-05-17T22:40:45.031495+00:00,trailing_sl,-15.741,loss,,
APE_4h_fixed_pct_2026-05-17,APE,4h,long,fixed_pct,0.15302,0.14665786,0.16574428,0.14665786,7.32,Low-Medium Risk,2026-05-17T22:40:44.997006+00:00,closed,0.0,0.14665786,2026-05-17T22:40:45.036966+00:00,sl_hit,-4.158,loss,,
APE_4h_cpr_target_2026-05-17,APE,4h,long,cpr_target,0.15302,0.14665786,0.16574428,0.14665786,7.32,Low-Medium Risk,2026-05-17T22:40:44.997006+00:00,closed,0.0,0.14665786,2026-05-17T22:40:45.042198+00:00,sl_hit,-4.158,loss,,
APE_4h_trailing_2026-05-17,APE,4h,long,trailing,0.15302,0.14665786,0.16574428,0.14665786,7.32,Low-Medium Risk,2026-05-17T22:40:44.997006+00:00,closed,0.0,0.14665786,2026-05-17T22:40:45.047429+00:00,trailing_sl,-4.158,loss,,
FARTCOIN_1h_cpr_target_2026-05-16,FARTCOIN,1h,short,cpr_target,0.19536,0.19822606,0.18962788,0.19822606,7.18,Low-Medium Risk,2026-05-16T10:50:59.483046+00:00,closed,0.0720720720720721,0.18962788,2026-05-17T23:43:04.333586+00:00,tp_s1_hit,2.934,win,0.19177,1.838
HYPE_1h_trailing_2026-05-17,HYPE,1h,long,trailing,42.403,41.67882143,43.85135714,46.0208,8.18,Low Risk,2026-05-17T07:45:05.680525+00:00,closed,0.1074688111690211,46.0208,2026-05-17T23:43:04.341027+00:00,trailing_sl,8.532,win,46.801,10.372
PENDLE_1h_fixed_pct_2026-05-17,PENDLE,1h,long,fixed_pct,1.8885,1.85321786,1.95906428,1.85321786,8.0,Low Risk,2026-05-17T07:45:05.682229+00:00,closed,0.0058776806989673,1.85321786,2026-05-17T23:43:04.346513+00:00,sl_hit,-1.868,loss,1.8808,-0.408
PENDLE_1h_cpr_target_2026-05-17,PENDLE,1h,long,cpr_target,1.8885,1.85321786,1.95906428,1.85321786,8.0,Low Risk,2026-05-17T07:45:05.682229+00:00,closed,0.0058776806989673,1.85321786,2026-05-17T23:43:04.351915+00:00,sl_hit,-1.868,loss,1.8808,-0.408
PENDLE_1h_trailing_2026-05-17,PENDLE,1h,long,trailing,1.8885,1.85321786,1.95906428,1.85321786,8.0,Low Risk,2026-05-17T07:45:05.682229+00:00,closed,0.0058776806989673,1.85321786,2026-05-17T23:43:04.357272+00:00,trailing_sl,-1.868,loss,1.8808,-0.408
DOGE_1h_fixed_pct_2026-05-17,DOGE,1h,long,fixed_pct,0.11014,0.10918214,0.11205572,0.10918214,7.7,Low-Medium Risk,2026-05-17T11:44:04.873393+00:00,closed,0.0135282367895405,0.10918214,2026-05-17T23:43:04.362651+00:00,sl_hit,-0.87,loss,0.11011,-0.027
DOGE_1h_cpr_target_2026-05-17,DOGE,1h,long,cpr_target,0.11014,0.10918214,0.11205572,0.10918214,7.7,Low-Medium Risk,2026-05-17T11:44:04.873393+00:00,closed,0.0135282367895405,0.10918214,2026-05-17T23:43:04.368072+00:00,sl_hit,-0.87,loss,0.11011,-0.027
DOGE_1h_trailing_2026-05-17,DOGE,1h,long,trailing,0.11014,0.10918214,0.11205572,0.10918214,7.7,Low-Medium Risk,2026-05-17T11:44:04.873393+00:00,closed,0.0135282367895405,0.10918214,2026-05-17T23:43:04.373432+00:00,trailing_sl,-0.87,loss,0.11011,-0.027
HYPE_1d_trailing_2026-05-17,HYPE,1d,long,trailing,44.134,40.91960714,50.56278572,46.0208,6.91,Low-Medium Risk,2026-05-17T11:44:04.878664+00:00,closed,0.0640322653736348,46.0208,2026-05-17T23:43:04.378880+00:00,trailing_sl,4.275,win,46.801,6.043
XRP_1d_fixed_pct_2026-05-17,XRP,1d,long,fixed_pct,1.4846,1.40774644,1.63830712,1.40774644,6.91,Low-Medium Risk,2026-05-17T11:44:04.880462+00:00,closed,0.0,1.40774644,2026-05-17T23:43:04.384278+00:00,sl_hit,-5.177,loss,1.4139,-4.762
XRP_1d_cpr_target_2026-05-17,XRP,1d,long,cpr_target,1.4846,1.40774644,1.63830712,1.40774644,6.91,Low-Medium Risk,2026-05-17T11:44:04.880462+00:00,closed,0.0,1.40774644,2026-05-17T23:43:04.389625+00:00,sl_hit,-5.177,loss,1.4139,-4.762
XRP_1d_trailing_2026-05-17,XRP,1d,long,trailing,1.4846,1.40774644,1.63830712,1.40774644,6.91,Low-Medium Risk,2026-05-17T11:44:04.880462+00:00,closed,0.0,1.40774644,2026-05-17T23:43:04.394971+00:00,trailing_sl,-5.177,loss,1.4139,-4.762
HYPE_1h_trailing_2026-05-17,HYPE,1h,long,trailing,43.423,42.54903571,45.17092858,46.0208,8.18,Low Risk,2026-05-17T15:43:53.841138+00:00,closed,0.0814545287059852,46.0208,2026-05-17T23:43:04.400344+00:00,trailing_sl,5.983,win,46.801,7.779
REZ_4h_fixed_pct_2026-05-17,REZ,4h,long,fixed_pct,0.005331,0.00507718,0.00583864,0.00507718,7.17,Low-Medium Risk,2026-05-17T19:57:20.046665+00:00,closed,0.0,0.00507718,2026-05-17T23:43:04.405755+00:00,sl_hit,-4.761,loss,0.005271,-1.125
REZ_4h_cpr_target_2026-05-17,REZ,4h,long,cpr_target,0.005331,0.00507718,0.00583864,0.00507718,7.17,Low-Medium Risk,2026-05-17T19:57:20.046665+00:00,closed,0.0,0.00507718,2026-05-17T23:43:04.411152+00:00,sl_hit,-4.761,loss,0.005271,-1.125
REZ_4h_trailing_2026-05-17,REZ,4h,long,trailing,0.005331,0.00507718,0.00583864,0.00507718,7.17,Low-Medium Risk,2026-05-17T19:57:20.046665+00:00,closed,0.0,0.00507718,2026-05-17T23:43:04.416559+00:00,trailing_sl,-4.761,loss,0.005271,-1.125
HYPE_1d_trailing_2026-05-17,HYPE,1d,long,trailing,44.134,40.91960714,50.56278572,46.0208,6.91,Low-Medium Risk,2026-05-17T19:57:20.048805+00:00,closed,0.0640322653736348,46.0208,2026-05-17T23:43:04.422022+00:00,trailing_sl,4.275,win,46.801,6.043
RUNE_1d_fixed_pct_2026-05-17,RUNE,1d,short,fixed_pct,0.49477,0.551095,0.38212,0.551095,7.01,Low-Medium Risk,2026-05-17T22:40:44.999054+00:00,closed,0.1127392525820078,0.43899,2026-05-17T23:43:04.427468+00:00,target_hit (+10%),11.274,win,0.44768,9.518
HYPE_1d_trailing_2026-05-17,HYPE,1d,long,trailing,44.134,40.91960714,50.56278572,45.86498,6.91,Low-Medium Risk,2026-05-17T22:40:45.001143+00:00,closed,0.0604296007613178,45.86498,2026-05-17T23:43:04.432992+00:00,trailing_sl,3.922,win,46.801,6.043
CRV_4h_trailing_2026-05-16,CRV,4h,short,trailing,0.24352,0.25671144,0.21713712,0.2321724,7.79,Low-Medium Risk,2026-05-16T10:50:59.478062+00:00,closed,0.0652923784494086,0.2321724,2026-05-18T12:08:00.317614+00:00,trailing_sl,4.66,win,0.22762,6.529
CRV_4h_trailing_2026-05-16,CRV,4h,short,trailing,0.24352,0.25671144,0.21713712,0.2321724,7.79,Low-Medium Risk,2026-05-16T14:44:13.217099+00:00,closed,0.0652923784494086,0.2321724,2026-05-18T12:08:00.325553+00:00,trailing_sl,4.66,win,0.22762,6.529
CRV_4h_trailing_2026-05-16,CRV,4h,short,trailing,0.24352,0.25671144,0.21713712,0.2321724,7.79,Low-Medium Risk,2026-05-16T18:07:52.452584+00:00,closed,0.0652923784494086,0.2321724,2026-05-18T12:08:00.332024+00:00,trailing_sl,4.66,win,0.22762,6.529
CRV_4h_trailing_2026-05-16,CRV,4h,short,trailing,0.24352,0.25671144,0.21713712,0.2321724,7.29,Low-Medium Risk,2026-05-16T21:37:52.546313+00:00,closed,0.0652923784494086,0.2321724,2026-05-18T12:08:00.338247+00:00,trailing_sl,4.66,win,0.22762,6.529
PENDLE_1w_fixed_pct_2026-05-17,PENDLE,1w,long,fixed_pct,1.9479,1.50574071,2.83221858,1.50574071,7.7,Low-Medium Risk,2026-05-17T22:40:44.992730+00:00,closed,0.0,1.804,2026-05-18T12:08:00.344639+00:00,stop_hit (-7%),-7.387,loss,1.8294,-6.083
TON_1w_fixed_pct_2026-05-18,TON,1w,long,fixed_pct,2.4556,2.06907144,3.22865712,2.06907144,7.32,Low-Medium Risk,2026-05-18T12:08:00.309635+00:00,closed,0.0,1.9727,2026-05-18T12:08:00.351057+00:00,stop_hit (-7%),-19.665,loss,,
TON_1w_cpr_target_2026-05-18,TON,1w,long,cpr_target,2.4556,2.06907144,3.22865712,2.06907144,7.32,Low-Medium Risk,2026-05-18T12:08:00.309635+00:00,closed,0.0,2.06907144,2026-05-18T12:08:00.357506+00:00,sl_hit,-15.741,loss,,
TON_1w_trailing_2026-05-18,TON,1w,long,trailing,2.4556,2.06907144,3.22865712,2.06907144,7.32,Low-Medium Risk,2026-05-18T12:08:00.309635+00:00,closed,0.0,2.06907144,2026-05-18T12:08:00.363793+00:00,trailing_sl,-15.741,loss,,
RUNE_1d_trailing_2026-05-17,RUNE,1d,short,trailing,0.49477,0.551095,0.38212,0.4477698,7.01,Low-Medium Risk,2026-05-17T22:40:44.999054+00:00,closed,0.1127392525820078,0.4477698,2026-05-18T12:56:20.306422+00:00,trailing_sl,9.499,win,0.43899,11.274
BNB_4h_cpr_target_2026-05-15,BNB,4h,short,cpr_target,671.38,686.39285714,641.35428572,686.39285714,7.49,Low-Medium Risk,2026-05-15T17:13:58.543701+00:00,closed,0.0455926598945455,641.35428572,2026-05-18T19:16:11.061579+00:00,tp_s1_hit,4.472,win,642.79,4.258
BNB_4h_cpr_target_2026-05-15,BNB,4h,short,cpr_target,671.38,686.39285714,641.35428572,686.39285714,7.49,Low-Medium Risk,2026-05-15T21:39:49.803924+00:00,closed,0.0455926598945455,641.35428572,2026-05-18T19:16:11.069895+00:00,tp_s1_hit,4.472,win,642.79,4.258
BNB_4h_cpr_target_2026-05-16,BNB,4h,short,cpr_target,671.38,686.39285714,641.35428572,686.39285714,7.49,Low-Medium Risk,2026-05-16T06:40:47.323296+00:00,closed,0.0455926598945455,641.35428572,2026-05-18T19:16:11.076556+00:00,tp_s1_hit,4.472,win,642.79,4.258
AERO_1h_cpr_target_2026-05-16,AERO,1h,short,cpr_target,0.42177,0.42878036,0.40774928,0.42878036,7.77,Low-Medium Risk,2026-05-16T18:07:52.453836+00:00,closed,0.0696351091827298,0.40774928,2026-05-18T19:16:11.083005+00:00,tp_s1_hit,3.324,win,0.40912,2.999
ONDO_1h_fixed_pct_2026-05-15,ONDO,1h,short,fixed_pct,0.36144,0.371025,0.34227,0.371025,7.77,Low-Medium Risk,2026-05-15T17:13:58.541938+00:00,closed,0.05984395750332,0.371025,2026-05-18T22:42:52.572957+00:00,sl_hit,-2.652,loss,0.34457,4.667
MON_1d_trailing_2026-05-16,MON,1d,short,trailing,0.028243,0.03233886,0.02005128,0.0266934,7.11,Low-Medium Risk,2026-05-16T06:40:47.325392+00:00,closed,0.0733987182664731,0.0266934,2026-05-18T22:42:52.582173+00:00,trailing_sl,5.487,win,0.02617,7.34
FARTCOIN_1h_trailing_2026-05-16,FARTCOIN,1h,short,trailing,0.19536,0.19822606,0.18962788,0.1849056,7.18,Low-Medium Risk,2026-05-16T10:50:59.483046+00:00,closed,0.0720720720720721,0.1849056,2026-05-18T22:42:52.589365+00:00,trailing_sl,5.351,win,0.18186,6.91
AERO_1h_trailing_2026-05-16,AERO,1h,short,trailing,0.42177,0.42878036,0.40774928,0.400248,7.77,Low-Medium Risk,2026-05-16T18:07:52.453836+00:00,closed,0.0696351091827298,0.400248,2026-05-18T22:42:52.596314+00:00,trailing_sl,5.103,win,0.3924,6.964
AERO_4h_trailing_2026-05-16,AERO,4h,short,trailing,0.42177,0.441105,0.3831,0.400248,7.19,Low-Medium Risk,2026-05-16T21:37:52.547728+00:00,closed,0.0696351091827298,0.400248,2026-05-18T22:42:52.603176+00:00,trailing_sl,5.103,win,0.3924,6.964
SEI_1h_fixed_pct_2026-05-18,SEI,1h,short,fixed_pct,0.059478,0.06043586,0.05756228,0.06043586,7.77,Low-Medium Risk,2026-05-18T19:16:11.053196+00:00,closed,0.0,0.06043586,2026-05-18T22:42:52.610106+00:00,sl_hit,-1.61,loss,0.060184,-1.187
SEI_1h_cpr_target_2026-05-18,SEI,1h,short,cpr_target,0.059478,0.06043586,0.05756228,0.06043586,7.77,Low-Medium Risk,2026-05-18T19:16:11.053196+00:00,closed,0.0,0.06043586,2026-05-18T22:42:52.617081+00:00,sl_hit,-1.61,loss,0.060184,-1.187
SEI_1h_trailing_2026-05-18,SEI,1h,short,trailing,0.059478,0.06043586,0.05756228,0.06043586,7.77,Low-Medium Risk,2026-05-18T19:16:11.053196+00:00,closed,0.0,0.06043586,2026-05-18T22:42:52.623932+00:00,trailing_sl,-1.61,loss,0.060184,-1.187
HYPE_4h_fixed_pct_2026-05-18,HYPE,4h,short,fixed_pct,44.726,47.00332144,40.17135712,47.00332144,7.49,Low-Medium Risk,2026-05-18T19:16:11.055262+00:00,closed,0.0,47.00332144,2026-05-18T22:42:52.630778+00:00,sl_hit,-5.092,loss,45.515,-1.764
HYPE_4h_cpr_target_2026-05-18,HYPE,4h,short,cpr_target,44.726,47.00332144,40.17135712,47.00332144,7.49,Low-Medium Risk,2026-05-18T19:16:11.055262+00:00,closed,0.0,47.00332144,2026-05-18T22:42:52.637563+00:00,sl_hit,-5.092,loss,45.515,-1.764
HYPE_4h_trailing_2026-05-18,HYPE,4h,short,trailing,44.726,47.00332144,40.17135712,47.00332144,7.49,Low-Medium Risk,2026-05-18T19:16:11.055262+00:00,closed,0.0,47.00332144,2026-05-18T22:42:52.644315+00:00,trailing_sl,-5.092,loss,45.515,-1.764
PUMP_4h_trailing_2026-05-15,PUMP,4h,short,trailing,0.0018,0.00188218,0.00163564,0.0017187,6.99,Low-Medium Risk,2026-05-15T21:39:49.806894+00:00,closed,0.0638888888888888,0.0017187,2026-05-18T23:44:36.769405+00:00,trailing_sl,4.517,win,0.001718,4.556
BNB_1h_cpr_target_2026-05-16,BNB,1h,short,cpr_target,651.84,657.66321429,640.19357142,657.66321429,7.38,Low-Medium Risk,2026-05-16T10:50:59.481805+00:00,closed,0.0198054737358862,640.19357142,2026-05-19T10:51:13.562918+00:00,tp_s1_hit,1.787,win,643.96,1.209
HYPE_1h_fixed_pct_2026-05-17,HYPE,1h,long,fixed_pct,43.423,42.54903571,45.17092858,42.54903571,8.18,Low Risk,2026-05-17T15:43:53.841138+00:00,closed,0.1057734380397484,48.016,2026-05-19T10:51:13.572145+00:00,target_hit (+10%),10.577,win,47.62,9.665
PENDLE_1w_fixed_pct_2026-05-18,PENDLE,1w,long,fixed_pct,1.9479,1.50574071,2.83221858,1.50574071,7.7,Low-Medium Risk,2026-05-18T23:44:36.767255+00:00,closed,0.0,1.8047,2026-05-19T10:51:13.579327+00:00,stop_hit (-7%),-7.352,loss,1.8391,-5.586
ZEC_1h_cpr_target_2026-05-18,ZEC,1h,long,cpr_target,536.76,523.57178571,563.13642858,523.57178571,8.3,Low Risk,2026-05-18T19:16:11.050984+00:00,closed,0.0685036142782621,563.13642858,2026-05-19T18:24:37.007597+00:00,tp_r1_hit,4.914,win,555.69,3.527
XRP_1h_fixed_pct_2026-05-18,XRP,1h,long,fixed_pct,1.3868,1.36734286,1.42571428,1.36734286,7.88,Low-Medium Risk,2026-05-18T23:44:36.765168+00:00,closed,0.0036054225555234,1.36734286,2026-05-19T18:24:37.015856+00:00,sl_hit,-1.403,loss,1.3703,-1.19
XRP_1h_cpr_target_2026-05-18,XRP,1h,long,cpr_target,1.3868,1.36734286,1.42571428,1.36734286,7.88,Low-Medium Risk,2026-05-18T23:44:36.765168+00:00,closed,0.0036054225555234,1.36734286,2026-05-19T18:24:37.022156+00:00,sl_hit,-1.403,loss,1.3703,-1.19
XRP_1h_trailing_2026-05-18,XRP,1h,long,trailing,1.3868,1.36734286,1.42571428,1.36734286,7.88,Low-Medium Risk,2026-05-18T23:44:36.765168+00:00,closed,0.0036054225555234,1.36734286,2026-05-19T18:24:37.028363+00:00,trailing_sl,-1.403,loss,1.3703,-1.19
LIT_4h_cpr_target_2026-05-19,LIT,4h,long,cpr_target,0.95364,0.90990536,1.04110928,0.90990536,7.8,Low-Medium Risk,2026-05-19T11:44:52.756117+00:00,closed,0.0935992617759321,1.04110928,2026-05-19T18:24:37.034570+00:00,tp_r1_hit,9.172,win,0.9605,0.719
GOAT_4h_fixed_pct_2026-05-19,GOAT,4h,long,fixed_pct,0.019486,0.01761614,0.02322572,0.01761614,7.32,Low-Medium Risk,2026-05-19T11:44:52.760677+00:00,closed,0.0,0.017879,2026-05-19T18:24:37.040675+00:00,stop_hit (-7%),-8.247,loss,0.018357,-5.794
GOAT_4h_fixed_pct_2026-05-19,GOAT,4h,long,fixed_pct,0.019486,0.01761614,0.02322572,0.01761614,7.82,Low-Medium Risk,2026-05-19T18:28:42.419686+00:00,closed,0.0,0.017847,2026-05-19T18:28:42.429739+00:00,stop_hit (-7%),-8.411,loss,,
TON_1w_fixed_pct_2026-05-19,TON,1w,long,fixed_pct,2.4556,2.06907144,3.22865712,2.06907144,7.32,Low-Medium Risk,2026-05-19T18:28:42.427109+00:00,closed,0.0,2.0045,2026-05-19T18:28:42.438170+00:00,stop_hit (-7%),-18.37,loss,,
TON_1w_cpr_target_2026-05-19,TON,1w,long,cpr_target,2.4556,2.06907144,3.22865712,2.06907144,7.32,Low-Medium Risk,2026-05-19T18:28:42.427109+00:00,closed,0.0,2.06907144,2026-05-19T18:28:42.445112+00:00,sl_hit,-15.741,loss,,
TON_1w_trailing_2026-05-19,TON,1w,long,trailing,2.4556,2.06907144,3.22865712,2.06907144,7.32,Low-Medium Risk,2026-05-19T18:28:42.427109+00:00,closed,0.0,2.06907144,2026-05-19T18:28:42.451866+00:00,trailing_sl,-15.741,loss,,
LIT_4h_fixed_pct_2026-05-19,LIT,4h,long,fixed_pct,0.95364,0.90990536,1.04110928,0.90990536,7.8,Low-Medium Risk,2026-05-19T11:44:52.756117+00:00,closed,0.1680508367937584,1.1139,2026-05-19T22:47:26.437689+00:00,target_hit (+10%),16.805,win,1.0485,9.947
GOAT_4h_fixed_pct_2026-05-19,GOAT,4h,long,fixed_pct,0.019486,0.01761614,0.02322572,0.01761614,7.32,Low-Medium Risk,2026-05-19T22:50:22.714893+00:00,closed,0.0,0.017782,2026-05-19T22:50:22.725098+00:00,stop_hit (-7%),-8.745,loss,,
TON_1w_fixed_pct_2026-05-19,TON,1w,long,fixed_pct,2.4556,2.06907144,3.22865712,2.06907144,6.82,Low-Medium Risk,2026-05-19T22:50:22.717340+00:00,closed,0.0,1.9876,2026-05-19T22:50:22.733841+00:00,stop_hit (-7%),-19.058,loss,,
TON_1w_cpr_target_2026-05-19,TON,1w,long,cpr_target,2.4556,2.06907144,3.22865712,2.06907144,6.82,Low-Medium Risk,2026-05-19T22:50:22.717340+00:00,closed,0.0,2.06907144,2026-05-19T22:50:22.740751+00:00,sl_hit,-15.741,loss,,
TON_1w_trailing_2026-05-19,TON,1w,long,trailing,2.4556,2.06907144,3.22865712,2.06907144,6.82,Low-Medium Risk,2026-05-19T22:50:22.717340+00:00,closed,0.0,2.06907144,2026-05-19T22:50:22.747588+00:00,trailing_sl,-15.741,loss,,
LIT_1d_fixed_pct_2026-05-19,LIT,1d,long,fixed_pct,0.95364,0.82881214,1.20329572,0.82881214,6.71,Low-Medium Risk,2026-05-19T22:50:22.722389+00:00,closed,0.1573549767207749,1.1037,2026-05-19T22:50:22.754402+00:00,target_hit (+10%),15.735,win,,
HYPE_1d_fixed_pct_2026-05-17,HYPE,1d,long,fixed_pct,44.134,40.91960714,50.56278572,40.91960714,6.91,Low-Medium Risk,2026-05-17T11:44:04.878664+00:00,closed,0.1210857842026555,49.478,2026-05-20T10:37:04.191233+00:00,target_hit (+10%),12.109,win,47.833,8.381
HYPE_1d_fixed_pct_2026-05-17,HYPE,1d,long,fixed_pct,44.134,40.91960714,50.56278572,40.91960714,6.91,Low-Medium Risk,2026-05-17T19:57:20.048805+00:00,closed,0.1210857842026555,49.478,2026-05-20T10:37:04.199689+00:00,target_hit (+10%),12.109,win,47.833,8.381
HYPE_1d_fixed_pct_2026-05-17,HYPE,1d,long,fixed_pct,44.134,40.91960714,50.56278572,40.91960714,6.91,Low-Medium Risk,2026-05-17T22:40:45.001143+00:00,closed,0.1210857842026555,49.478,2026-05-20T10:37:04.206796+00:00,target_hit (+10%),12.109,win,47.833,8.381
TON_1w_fixed_pct_2026-05-20,TON,1w,long,fixed_pct,2.4556,2.06907144,3.22865712,2.06907144,6.82,Low-Medium Risk,2026-05-20T10:37:04.183086+00:00,closed,0.0,1.9482,2026-05-20T10:37:04.213940+00:00,stop_hit (-7%),-20.663,loss,,
TON_1w_cpr_target_2026-05-20,TON,1w,long,cpr_target,2.4556,2.06907144,3.22865712,2.06907144,6.82,Low-Medium Risk,2026-05-20T10:37:04.183086+00:00,closed,0.0,2.06907144,2026-05-20T10:37:04.220981+00:00,sl_hit,-15.741,loss,,
TON_1w_trailing_2026-05-20,TON,1w,long,trailing,2.4556,2.06907144,3.22865712,2.06907144,6.82,Low-Medium Risk,2026-05-20T10:37:04.183086+00:00,closed,0.0,2.06907144,2026-05-20T10:37:04.228010+00:00,trailing_sl,-15.741,loss,,
LIT_1d_fixed_pct_2026-05-20,LIT,1d,long,fixed_pct,0.95364,0.82881214,1.20329572,0.82881214,6.71,Low-Medium Risk,2026-05-20T10:37:04.185752+00:00,closed,0.2503670148064257,1.1924,2026-05-20T10:37:04.235129+00:00,target_hit (+10%),25.037,win,,
DASH_1h_fixed_pct_2026-05-18,DASH,1h,long,fixed_pct,41.705,40.23671429,44.64157142,40.23671429,7.7,Low-Medium Risk,2026-05-18T12:08:00.307501+00:00,closed,0.1374655317108261,47.438,2026-05-20T10:37:41.752409+00:00,target_hit (+10%),13.747,win,41.973,0.643
DASH_1h_cpr_target_2026-05-18,DASH,1h,long,cpr_target,41.705,40.23671429,44.64157142,40.23671429,7.7,Low-Medium Risk,2026-05-18T12:08:00.307501+00:00,closed,0.1374655317108261,44.64157142,2026-05-20T10:37:41.761719+00:00,tp_r1_hit,7.041,win,41.973,0.643
MORPHO_4h_fixed_pct_2026-05-16,MORPHO,4h,short,fixed_pct,1.7593,1.83923929,1.59942142,1.83923929,7.5,Low-Medium Risk,2026-05-16T10:50:59.480558+00:00,closed,0.0355823338827942,1.8979,2026-05-20T19:37:09.445923+00:00,stop_hit (-7%),-7.878,loss,1.8229,-3.615
MORPHO_4h_cpr_target_2026-05-16,MORPHO,4h,short,cpr_target,1.7593,1.83923929,1.59942142,1.83923929,7.5,Low-Medium Risk,2026-05-16T10:50:59.480558+00:00,closed,0.0355823338827942,1.83923929,2026-05-20T19:37:09.454507+00:00,sl_hit,-4.544,loss,1.8229,-3.615
MORPHO_4h_trailing_2026-05-16,MORPHO,4h,short,trailing,1.7593,1.83923929,1.59942142,1.83923929,7.5,Low-Medium Risk,2026-05-16T10:50:59.480558+00:00,closed,0.0355823338827942,1.83923929,2026-05-20T19:37:09.461799+00:00,trailing_sl,-4.544,loss,1.8229,-3.615
MORPHO_4h_fixed_pct_2026-05-16,MORPHO,4h,short,fixed_pct,1.7593,1.83923929,1.59942142,1.83923929,7.5,Low-Medium Risk,2026-05-16T14:44:13.218404+00:00,closed,0.0355823338827942,1.8979,2026-05-20T19:37:09.468938+00:00,stop_hit (-7%),-7.878,loss,1.8229,-3.615
MORPHO_4h_cpr_target_2026-05-16,MORPHO,4h,short,cpr_target,1.7593,1.83923929,1.59942142,1.83923929,7.5,Low-Medium Risk,2026-05-16T14:44:13.218404+00:00,closed,0.0355823338827942,1.83923929,2026-05-20T19:37:09.476074+00:00,sl_hit,-4.544,loss,1.8229,-3.615
MORPHO_4h_trailing_2026-05-16,MORPHO,4h,short,trailing,1.7593,1.83923929,1.59942142,1.83923929,7.5,Low-Medium Risk,2026-05-16T14:44:13.218404+00:00,closed,0.0355823338827942,1.83923929,2026-05-20T19:37:09.483129+00:00,trailing_sl,-4.544,loss,1.8229,-3.615
MORPHO_4h_fixed_pct_2026-05-16,MORPHO,4h,short,fixed_pct,1.7593,1.83923929,1.59942142,1.83923929,7.0,Low-Medium Risk,2026-05-16T18:07:52.456425+00:00,closed,0.0355823338827942,1.8979,2026-05-20T19:37:09.490348+00:00,stop_hit (-7%),-7.878,loss,1.8229,-3.615
MORPHO_4h_cpr_target_2026-05-16,MORPHO,4h,short,cpr_target,1.7593,1.83923929,1.59942142,1.83923929,7.0,Low-Medium Risk,2026-05-16T18:07:52.456425+00:00,closed,0.0355823338827942,1.83923929,2026-05-20T19:37:09.497732+00:00,sl_hit,-4.544,loss,1.8229,-3.615
MORPHO_4h_trailing_2026-05-16,MORPHO,4h,short,trailing,1.7593,1.83923929,1.59942142,1.83923929,7.0,Low-Medium Risk,2026-05-16T18:07:52.456425+00:00,closed,0.0355823338827942,1.83923929,2026-05-20T19:37:09.505058+00:00,trailing_sl,-4.544,loss,1.8229,-3.615
MORPHO_4h_fixed_pct_2026-05-16,MORPHO,4h,short,fixed_pct,1.7593,1.83923929,1.59942142,1.83923929,7.5,Low-Medium Risk,2026-05-16T21:37:52.543537+00:00,closed,0.0355823338827942,1.8979,2026-05-20T19:37:09.512354+00:00,stop_hit (-7%),-7.878,loss,1.8229,-3.615
MORPHO_4h_cpr_target_2026-05-16,MORPHO,4h,short,cpr_target,1.7593,1.83923929,1.59942142,1.83923929,7.5,Low-Medium Risk,2026-05-16T21:37:52.543537+00:00,closed,0.0355823338827942,1.83923929,2026-05-20T19:37:09.519504+00:00,sl_hit,-4.544,loss,1.8229,-3.615
MORPHO_4h_trailing_2026-05-16,MORPHO,4h,short,trailing,1.7593,1.83923929,1.59942142,1.83923929,7.5,Low-Medium Risk,2026-05-16T21:37:52.543537+00:00,closed,0.0355823338827942,1.83923929,2026-05-20T19:37:09.526705+00:00,trailing_sl,-4.544,loss,1.8229,-3.615
HYPE_1d_cpr_target_2026-05-17,HYPE,1d,long,cpr_target,44.134,40.91960714,50.56278572,40.91960714,6.91,Low-Medium Risk,2026-05-17T11:44:04.878664+00:00,closed,0.1918928717088866,50.56278572,2026-05-20T19:37:09.533880+00:00,tp_r1_hit,14.567,win,49.431,12.002
HYPE_1d_cpr_target_2026-05-17,HYPE,1d,long,cpr_target,44.134,40.91960714,50.56278572,40.91960714,6.91,Low-Medium Risk,2026-05-17T19:57:20.048805+00:00,closed,0.1918928717088866,50.56278572,2026-05-20T19:37:09.541213+00:00,tp_r1_hit,14.567,win,49.431,12.002
HYPE_1d_cpr_target_2026-05-17,HYPE,1d,long,cpr_target,44.134,40.91960714,50.56278572,40.91960714,6.91,Low-Medium Risk,2026-05-17T22:40:45.001143+00:00,closed,0.1918928717088866,50.56278572,2026-05-20T19:37:09.548630+00:00,tp_r1_hit,14.567,win,49.431,12.002
HYPE_1d_fixed_pct_2026-05-18,HYPE,1d,long,fixed_pct,45.685,41.37796429,54.29907142,41.37796429,7.11,Low-Medium Risk,2026-05-18T12:08:00.315536+00:00,closed,0.1514282587282477,52.603,2026-05-20T19:37:09.556357+00:00,target_hit (+10%),15.143,win,49.431,8.2
ZEC_1h_fixed_pct_2026-05-18,ZEC,1h,long,fixed_pct,536.76,523.57178571,563.13642858,523.57178571,8.3,Low Risk,2026-05-18T19:16:11.050984+00:00,closed,0.2695618153364633,681.45,2026-05-20T19:37:09.563829+00:00,target_hit (+10%),26.956,win,589.03,9.738
SOL_4h_fixed_pct_2026-05-18,SOL,4h,short,fixed_pct,84.178,86.07207144,80.38985712,86.07207144,7.39,Low-Medium Risk,2026-05-18T19:16:11.059401+00:00,closed,0.0008909691368291,86.07207144,2026-05-20T19:37:09.571132+00:00,sl_hit,-2.25,loss,85.097,-1.092
SOL_4h_cpr_target_2026-05-18,SOL,4h,short,cpr_target,84.178,86.07207144,80.38985712,86.07207144,7.39,Low-Medium Risk,2026-05-18T19:16:11.059401+00:00,closed,0.0008909691368291,86.07207144,2026-05-20T19:37:09.578414+00:00,sl_hit,-2.25,loss,85.097,-1.092
SOL_4h_trailing_2026-05-18,SOL,4h,short,trailing,84.178,86.07207144,80.38985712,86.07207144,7.39,Low-Medium Risk,2026-05-18T19:16:11.059401+00:00,closed,0.0008909691368291,86.07207144,2026-05-20T19:37:09.585742+00:00,trailing_sl,-2.25,loss,85.097,-1.092
HYPE_1h_fixed_pct_2026-05-18,HYPE,1h,long,fixed_pct,47.207,45.76914286,50.08271428,45.76914286,8.38,Low Risk,2026-05-18T23:44:36.758860+00:00,closed,0.1143050818734509,52.603,2026-05-20T19:37:09.593054+00:00,target_hit (+10%),11.431,win,49.431,4.711
HYPE_1h_cpr_target_2026-05-18,HYPE,1h,long,cpr_target,47.207,45.76914286,50.08271428,45.76914286,8.38,Low Risk,2026-05-18T23:44:36.758860+00:00,closed,0.1143050818734509,50.08271428,2026-05-20T19:37:09.600646+00:00,tp_r1_hit,6.092,win,49.431,4.711
HYPE_1d_fixed_pct_2026-05-19,HYPE,1d,long,fixed_pct,45.685,41.37796429,54.29907142,41.37796429,7.11,Low-Medium Risk,2026-05-19T11:44:52.762897+00:00,closed,0.1514282587282477,52.603,2026-05-20T19:37:09.626781+00:00,target_hit (+10%),15.143,win,49.431,8.2
LIT_1d_cpr_target_2026-05-19,LIT,1d,long,cpr_target,0.95364,0.82881214,1.20329572,0.82881214,6.71,Low-Medium Risk,2026-05-19T22:50:22.722389+00:00,closed,0.2669351117822238,1.20329572,2026-05-20T19:37:09.634619+00:00,tp_r1_hit,26.179,win,1.1989,25.718
HYPE_1d_fixed_pct_2026-05-20,HYPE,1d,long,fixed_pct,45.685,41.37796429,54.29907142,41.37796429,7.11,Low-Medium Risk,2026-05-20T10:37:04.180450+00:00,closed,0.1514282587282477,52.603,2026-05-20T19:37:09.642065+00:00,target_hit (+10%),15.143,win,49.431,8.2
LIT_1d_cpr_target_2026-05-20,LIT,1d,long,cpr_target,0.95364,0.82881214,1.20329572,0.82881214,6.71,Low-Medium Risk,2026-05-20T10:37:04.185752+00:00,closed,0.2669351117822238,1.20329572,2026-05-20T19:37:09.649614+00:00,tp_r1_hit,26.179,win,1.1989,25.718
TON_1w_fixed_pct_2026-05-20,TON,1w,long,fixed_pct,2.4556,2.06907144,3.22865712,2.06907144,8.02,Low Risk,2026-05-20T19:37:09.434811+00:00,closed,0.0,2.0556,2026-05-20T19:37:09.657127+00:00,stop_hit (-7%),-16.289,loss,,
TON_1w_cpr_target_2026-05-20,TON,1w,long,cpr_target,2.4556,2.06907144,3.22865712,2.06907144,8.02,Low Risk,2026-05-20T19:37:09.434811+00:00,closed,0.0,2.06907144,2026-05-20T19:37:09.664532+00:00,sl_hit,-15.741,loss,,
TON_1w_trailing_2026-05-20,TON,1w,long,trailing,2.4556,2.06907144,3.22865712,2.06907144,8.02,Low Risk,2026-05-20T19:37:09.434811+00:00,closed,0.0,2.06907144,2026-05-20T19:37:09.671962+00:00,trailing_sl,-15.741,loss,,
FET_1d_trailing_2026-05-16,FET,1d,short,trailing,0.20349,0.22479644,0.16087712,0.1925454,7.01,Low-Medium Risk,2026-05-16T06:40:47.326478+00:00,closed,0.0723377070126296,0.1925454,2026-05-20T19:41:00.608090+00:00,trailing_sl,5.378,win,0.1908,6.236
FET_1d_trailing_2026-05-16,FET,1d,short,trailing,0.20349,0.22479644,0.16087712,0.1925454,7.01,Low-Medium Risk,2026-05-16T14:44:13.222140+00:00,closed,0.0723377070126296,0.1925454,2026-05-20T19:41:00.620497+00:00,trailing_sl,5.378,win,0.1908,6.236
IMX_4h_trailing_2026-05-16,IMX,4h,short,trailing,0.17795,0.19104394,0.15176212,0.1666679999999999,8.0,Low Risk,2026-05-16T18:07:52.451248+00:00,closed,0.0817645406012925,0.1666679999999999,2026-05-20T19:41:00.627915+00:00,trailing_sl,6.34,win,0.16619,6.609
IMX_4h_trailing_2026-05-16,IMX,4h,short,trailing,0.17795,0.19104394,0.15176212,0.1666679999999999,8.0,Low Risk,2026-05-16T21:37:52.542041+00:00,closed,0.0817645406012925,0.1666679999999999,2026-05-20T19:41:00.635307+00:00,trailing_sl,6.34,win,0.16619,6.609
HYPE_1d_cpr_target_2026-05-18,HYPE,1d,long,cpr_target,45.685,41.37796429,54.29907142,41.37796429,7.11,Low-Medium Risk,2026-05-18T12:08:00.315536+00:00,closed,0.1969793148735907,54.29907142,2026-05-20T23:59:52.290252+00:00,tp_r1_hit,18.855,win,52.773,15.515
ZEC_1h_trailing_2026-05-18,ZEC,1h,long,trailing,536.76,523.57178571,563.13642858,671.2117999999999,8.3,Low Risk,2026-05-18T19:16:11.050984+00:00,closed,0.2760078992473358,671.2117999999999,2026-05-20T23:59:52.299317+00:00,trailing_sl,25.049,win,684.91,27.601
NEAR_1h_cpr_target_2026-05-18,NEAR,1h,long,cpr_target,1.6165,1.57507856,1.69934288,1.57507856,8.3,Low Risk,2026-05-18T23:44:36.761080+00:00,closed,0.0525827404887101,1.69934288,2026-05-20T23:59:52.307027+00:00,tp_r1_hit,5.125,win,1.6904,4.572
HYPE_1d_cpr_target_2026-05-19,HYPE,1d,long,cpr_target,45.685,41.37796429,54.29907142,41.37796429,7.11,Low-Medium Risk,2026-05-19T11:44:52.762897+00:00,closed,0.1969793148735907,54.29907142,2026-05-20T23:59:52.314513+00:00,tp_r1_hit,18.855,win,52.773,15.515
HYPE_1d_cpr_target_2026-05-20,HYPE,1d,long,cpr_target,45.685,41.37796429,54.29907142,41.37796429,7.11,Low-Medium Risk,2026-05-20T10:37:04.180450+00:00,closed,0.1969793148735907,54.29907142,2026-05-20T23:59:52.321937+00:00,tp_r1_hit,18.855,win,52.773,15.515
ZEC_4h_trailing_2026-05-20,ZEC,4h,long,trailing,633.02,600.66607143,697.72785714,671.2117999999999,8.62,Low Risk,2026-05-20T19:37:09.431899+00:00,closed,0.0819721335818773,671.2117999999999,2026-05-20T23:59:52.329329+00:00,trailing_sl,6.033,win,684.91,8.197
HYPE_1h_cpr_target_2026-05-20,HYPE,1h,long,cpr_target,51.917,50.70896429,54.33307142,50.70896429,7.88,Low-Medium Risk,2026-05-20T19:37:09.437561+00:00,closed,0.0532966080474602,54.33307142,2026-05-20T23:59:52.336785+00:00,tp_r1_hit,4.654,win,52.773,1.649
TON_1w_fixed_pct_2026-05-20,TON,1w,long,fixed_pct,2.4556,2.06907144,3.22865712,2.06907144,8.02,Low Risk,2026-05-20T23:59:52.280321+00:00,closed,0.0,2.0511,2026-05-20T23:59:52.344283+00:00,stop_hit (-7%),-16.473,loss,,
TON_1w_cpr_target_2026-05-20,TON,1w,long,cpr_target,2.4556,2.06907144,3.22865712,2.06907144,8.02,Low Risk,2026-05-20T23:59:52.280321+00:00,closed,0.0,2.06907144,2026-05-20T23:59:52.351733+00:00,sl_hit,-15.741,loss,,
TON_1w_trailing_2026-05-20,TON,1w,long,trailing,2.4556,2.06907144,3.22865712,2.06907144,8.02,Low Risk,2026-05-20T23:59:52.280321+00:00,closed,0.0,2.06907144,2026-05-20T23:59:52.359172+00:00,trailing_sl,-15.741,loss,,
STRK_1h_fixed_pct_2026-05-20,STRK,1h,long,fixed_pct,0.04514,0.04361964,0.04818072,0.04361964,7.5,Low-Medium Risk,2026-05-20T23:59:52.287629+00:00,closed,0.0,0.04361964,2026-05-20T23:59:52.366678+00:00,sl_hit,-3.368,loss,,
STRK_1h_cpr_target_2026-05-20,STRK,1h,long,cpr_target,0.04514,0.04361964,0.04818072,0.04361964,7.5,Low-Medium Risk,2026-05-20T23:59:52.287629+00:00,closed,0.0,0.04361964,2026-05-20T23:59:52.374327+00:00,sl_hit,-3.368,loss,,
STRK_1h_trailing_2026-05-20,STRK,1h,long,trailing,0.04514,0.04361964,0.04818072,0.04361964,7.5,Low-Medium Risk,2026-05-20T23:59:52.287629+00:00,closed,0.0,0.04361964,2026-05-20T23:59:52.381890+00:00,trailing_sl,-3.368,loss,,
RUNE_1h_fixed_pct_2026-05-17,RUNE,1h,long,fixed_pct,0.45283,0.4387975,0.480895,0.4387975,7.2,Low-Medium Risk,2026-05-17T07:45:05.686911+00:00,closed,0.0234304264293443,0.4387975,2026-05-21T00:19:10.177775+00:00,sl_hit,-3.099,loss,0.44148,-2.506
RUNE_1h_cpr_target_2026-05-17,RUNE,1h,long,cpr_target,0.45283,0.4387975,0.480895,0.4387975,7.2,Low-Medium Risk,2026-05-17T07:45:05.686911+00:00,closed,0.0234304264293443,0.4387975,2026-05-21T00:19:10.187769+00:00,sl_hit,-3.099,loss,0.44148,-2.506
RUNE_1h_trailing_2026-05-17,RUNE,1h,long,trailing,0.45283,0.4387975,0.480895,0.4387975,7.2,Low-Medium Risk,2026-05-17T07:45:05.686911+00:00,closed,0.0234304264293443,0.4387975,2026-05-21T00:19:10.195964+00:00,trailing_sl,-3.099,loss,0.44148,-2.506
SUI_1h_fixed_pct_2026-05-19,SUI,1h,short,fixed_pct,1.0568,1.08190356,1.00659288,1.08190356,7.38,Low-Medium Risk,2026-05-19T18:28:42.424506+00:00,closed,0.0053936411809235,1.08190356,2026-05-21T00:19:10.204035+00:00,sl_hit,-2.375,loss,1.0779,-1.997
SUI_1h_cpr_target_2026-05-19,SUI,1h,short,cpr_target,1.0568,1.08190356,1.00659288,1.08190356,7.38,Low-Medium Risk,2026-05-19T18:28:42.424506+00:00,closed,0.0053936411809235,1.08190356,2026-05-21T00:19:10.212132+00:00,sl_hit,-2.375,loss,1.0779,-1.997
SUI_1h_trailing_2026-05-19,SUI,1h,short,trailing,1.0568,1.08190356,1.00659288,1.08190356,7.38,Low-Medium Risk,2026-05-19T18:28:42.424506+00:00,closed,0.0053936411809235,1.08190356,2026-05-21T00:19:10.220200+00:00,trailing_sl,-2.375,loss,1.0779,-1.997
DASH_1h_trailing_2026-05-18,DASH,1h,long,trailing,41.705,40.23671429,44.64157142,49.68012,7.7,Low-Medium Risk,2026-05-18T12:08:00.307501+00:00,closed,0.2155377053111138,49.68012,2026-05-21T11:58:42.368068+00:00,trailing_sl,19.123,win,50.404,20.858
HYPE_1h_fixed_pct_2026-05-20,HYPE,1h,long,fixed_pct,51.917,50.70896429,54.33307142,50.70896429,7.88,Low-Medium Risk,2026-05-20T19:37:09.437561+00:00,closed,0.1062850318778049,57.435,2026-05-21T11:58:42.377375+00:00,target_hit (+10%),10.629,win,55.174,6.273
PENDLE_1w_fixed_pct_2026-05-20,PENDLE,1w,long,fixed_pct,1.9479,1.50574071,2.83221858,1.50574071,7.82,Low-Medium Risk,2026-05-20T19:37:09.440305+00:00,closed,0.0,1.81,2026-05-21T11:58:42.385274+00:00,stop_hit (-7%),-7.079,loss,1.856,-4.718
HYPE_1h_cpr_target_2026-05-20,HYPE,1h,long,cpr_target,52.92,51.63,55.5,51.63,7.88,Low-Medium Risk,2026-05-20T23:59:52.282725+00:00,closed,0.0853174603174603,55.5,2026-05-21T11:58:42.392992+00:00,tp_r1_hit,4.875,win,55.174,4.259
PENDLE_1w_fixed_pct_2026-05-20,PENDLE,1w,long,fixed_pct,1.9479,1.50574071,2.83221858,1.50574071,7.82,Low-Medium Risk,2026-05-20T23:59:52.285168+00:00,closed,0.0,1.81,2026-05-21T11:58:42.400733+00:00,stop_hit (-7%),-7.079,loss,1.856,-4.718
PURR_1d_fixed_pct_2026-05-21,PURR,1d,long,fixed_pct,0.072355,0.06195925,0.0931465,0.06195925,7.72,Low-Medium Risk,2026-05-21T11:58:42.355696+00:00,closed,0.5128187409301361,0.10946,2026-05-21T11:58:42.408490+00:00,target_hit (+10%),51.282,win,,
PURR_1d_cpr_target_2026-05-21,PURR,1d,long,cpr_target,0.072355,0.06195925,0.0931465,0.06195925,7.72,Low-Medium Risk,2026-05-21T11:58:42.355696+00:00,closed,0.5128187409301361,0.0931465,2026-05-21T11:58:42.416444+00:00,tp_r1_hit,28.735,win,,
HYPE_1d_fixed_pct_2026-05-21,HYPE,1d,long,fixed_pct,45.685,41.37796429,54.29907142,41.37796429,7.53,Low-Medium Risk,2026-05-21T11:58:42.358266+00:00,closed,0.2571960161978767,57.435,2026-05-21T11:58:42.424275+00:00,target_hit (+10%),25.72,win,,
HYPE_1d_cpr_target_2026-05-21,HYPE,1d,long,cpr_target,45.685,41.37796429,54.29907142,41.37796429,7.53,Low-Medium Risk,2026-05-21T11:58:42.358266+00:00,closed,0.2571960161978767,54.29907142,2026-05-21T11:58:42.432188+00:00,tp_r1_hit,18.855,win,,
TON_1w_fixed_pct_2026-05-21,TON,1w,long,fixed_pct,2.4556,2.06907144,3.22865712,2.06907144,6.82,Low-Medium Risk,2026-05-21T11:58:42.360637+00:00,closed,0.0,2.0112,2026-05-21T11:58:42.440289+00:00,stop_hit (-7%),-18.097,loss,,
TON_1w_cpr_target_2026-05-21,TON,1w,long,cpr_target,2.4556,2.06907144,3.22865712,2.06907144,6.82,Low-Medium Risk,2026-05-21T11:58:42.360637+00:00,closed,0.0,2.06907144,2026-05-21T11:58:42.448180+00:00,sl_hit,-15.741,loss,,
TON_1w_trailing_2026-05-21,TON,1w,long,trailing,2.4556,2.06907144,3.22865712,2.06907144,6.82,Low-Medium Risk,2026-05-21T11:58:42.360637+00:00,closed,0.0,2.06907144,2026-05-21T11:58:42.455978+00:00,trailing_sl,-15.741,loss,,
BNB_1h_fixed_pct_2026-05-16,BNB,1h,short,fixed_pct,651.84,657.66321429,640.19357142,657.66321429,7.38,Low-Medium Risk,2026-05-16T10:50:59.481805+00:00,closed,0.0202503681885125,657.66321429,2026-05-21T18:29:22.624371+00:00,sl_hit,-0.893,loss,647.72,0.632
BNB_1h_trailing_2026-05-16,BNB,1h,short,trailing,651.84,657.66321429,640.19357142,657.66321429,7.38,Low-Medium Risk,2026-05-16T10:50:59.481805+00:00,closed,0.0202503681885125,657.66321429,2026-05-21T18:29:22.633992+00:00,trailing_sl,-0.893,loss,647.72,0.632
AERO_1h_fixed_pct_2026-05-16,AERO,1h,short,fixed_pct,0.42177,0.42878036,0.40774928,0.42878036,7.77,Low-Medium Risk,2026-05-16T18:07:52.453836+00:00,closed,0.0696351091827298,0.42878036,2026-05-21T18:29:22.642186+00:00,sl_hit,-1.662,loss,0.41945,0.55
AERO_4h_fixed_pct_2026-05-16,AERO,4h,short,fixed_pct,0.42177,0.441105,0.3831,0.441105,7.19,Low-Medium Risk,2026-05-16T21:37:52.547728+00:00,closed,0.0696351091827298,0.441105,2026-05-21T18:29:22.650161+00:00,sl_hit,-4.584,loss,0.41945,0.55
AERO_4h_cpr_target_2026-05-16,AERO,4h,short,cpr_target,0.42177,0.441105,0.3831,0.441105,7.19,Low-Medium Risk,2026-05-16T21:37:52.547728+00:00,closed,0.0696351091827298,0.441105,2026-05-21T18:29:22.658201+00:00,sl_hit,-4.584,loss,0.41945,0.55
SUI_1h_fixed_pct_2026-05-18,SUI,1h,long,fixed_pct,1.0436,1.02015714,1.09048572,1.02015714,7.18,Low-Medium Risk,2026-05-18T12:08:00.313522+00:00,closed,0.1025297048677654,1.1506,2026-05-21T18:29:22.666181+00:00,target_hit (+10%),10.253,win,1.0865,4.111
SUI_1h_cpr_target_2026-05-18,SUI,1h,long,cpr_target,1.0436,1.02015714,1.09048572,1.02015714,7.18,Low-Medium Risk,2026-05-18T12:08:00.313522+00:00,closed,0.1025297048677654,1.09048572,2026-05-21T18:29:22.674165+00:00,tp_r1_hit,4.493,win,1.0865,4.111
NEAR_1h_fixed_pct_2026-05-18,NEAR,1h,long,fixed_pct,1.6165,1.57507856,1.69934288,1.57507856,8.3,Low Risk,2026-05-18T23:44:36.761080+00:00,closed,0.1522424992267244,1.8626,2026-05-21T18:29:22.682193+00:00,target_hit (+10%),15.224,win,1.7452,7.962
LIT_4h_trailing_2026-05-19,LIT,4h,long,trailing,0.95364,0.90990536,1.04110928,1.3263319999999998,7.8,Low-Medium Risk,2026-05-19T11:44:52.756117+00:00,closed,0.419193825762342,1.3263319999999998,2026-05-21T18:29:22.690378+00:00,trailing_sl,39.081,win,1.3303,39.497
NEAR_4h_fixed_pct_2026-05-19,NEAR,4h,long,fixed_pct,1.6565,1.58709286,1.79531428,1.58709286,7.42,Low-Medium Risk,2026-05-19T11:44:52.758521+00:00,closed,0.1244189556293389,1.8626,2026-05-21T18:29:22.698367+00:00,target_hit (+10%),12.442,win,1.7452,5.355
NEAR_4h_cpr_target_2026-05-19,NEAR,4h,long,cpr_target,1.6565,1.58709286,1.79531428,1.58709286,7.42,Low-Medium Risk,2026-05-19T11:44:52.758521+00:00,closed,0.1244189556293389,1.79531428,2026-05-21T18:29:22.706293+00:00,tp_r1_hit,8.38,win,1.7452,5.355
NEAR_4h_fixed_pct_2026-05-19,NEAR,4h,long,fixed_pct,1.6565,1.58709286,1.79531428,1.58709286,7.92,Low-Medium Risk,2026-05-19T18:28:42.417021+00:00,closed,0.1244189556293389,1.8626,2026-05-21T18:29:22.714289+00:00,target_hit (+10%),12.442,win,1.7452,5.355
NEAR_4h_cpr_target_2026-05-19,NEAR,4h,long,cpr_target,1.6565,1.58709286,1.79531428,1.58709286,7.92,Low-Medium Risk,2026-05-19T18:28:42.417021+00:00,closed,0.1244189556293389,1.79531428,2026-05-21T18:29:22.722264+00:00,tp_r1_hit,8.38,win,1.7452,5.355
NEAR_4h_fixed_pct_2026-05-19,NEAR,4h,long,fixed_pct,1.6565,1.58709286,1.79531428,1.58709286,7.42,Low-Medium Risk,2026-05-19T22:50:22.712148+00:00,closed,0.1244189556293389,1.8626,2026-05-21T18:29:22.730331+00:00,target_hit (+10%),12.442,win,1.7452,5.355
NEAR_4h_cpr_target_2026-05-19,NEAR,4h,long,cpr_target,1.6565,1.58709286,1.79531428,1.58709286,7.42,Low-Medium Risk,2026-05-19T22:50:22.712148+00:00,closed,0.1244189556293389,1.79531428,2026-05-21T18:29:22.738544+00:00,tp_r1_hit,8.38,win,1.7452,5.355
MORPHO_1d_fixed_pct_2026-05-19,MORPHO,1d,short,fixed_pct,1.8362,2.03496071,1.43867858,2.03496071,6.81,Low-Medium Risk,2026-05-19T22:50:22.719870+00:00,closed,0.0301165450386668,1.982,2026-05-21T18:29:22.746671+00:00,stop_hit (-7%),-7.94,loss,1.9038,-3.682
LIT_1d_trailing_2026-05-19,LIT,1d,long,trailing,0.95364,0.82881214,1.20329572,1.3263319999999998,6.71,Low-Medium Risk,2026-05-19T22:50:22.722389+00:00,closed,0.419193825762342,1.3263319999999998,2026-05-21T18:29:22.754763+00:00,trailing_sl,39.081,win,1.3303,39.497
LIT_1d_trailing_2026-05-20,LIT,1d,long,trailing,0.95364,0.82881214,1.20329572,1.3263319999999998,6.71,Low-Medium Risk,2026-05-20T10:37:04.185752+00:00,closed,0.419193825762342,1.3263319999999998,2026-05-21T18:29:22.762857+00:00,trailing_sl,39.081,win,1.3303,39.497
MORPHO_1h_cpr_target_2026-05-20,MORPHO,1h,long,cpr_target,1.8828,1.83984644,1.96870712,1.83984644,7.77,Low-Medium Risk,2026-05-20T19:37:09.443070+00:00,closed,0.0526874867219035,1.96870712,2026-05-21T18:29:22.770983+00:00,tp_r1_hit,4.563,win,1.9038,1.115
HYPE_1h_fixed_pct_2026-05-20,HYPE,1h,long,fixed_pct,52.92,51.63,55.5,51.63,7.88,Low-Medium Risk,2026-05-20T23:59:52.282725+00:00,closed,0.1185374149659863,59.193,2026-05-21T18:29:22.779266+00:00,target_hit (+10%),11.854,win,57.076,7.853
PENDLE_1h_fixed_pct_2026-05-21,PENDLE,1h,short,fixed_pct,1.8473,1.89778571,1.74632858,1.89778571,6.78,Low-Medium Risk,2026-05-21T11:58:42.363074+00:00,closed,0.0201916310290693,1.89778571,2026-05-21T18:29:22.787517+00:00,sl_hit,-2.733,loss,1.8187,1.548
PENDLE_1h_cpr_target_2026-05-21,PENDLE,1h,short,cpr_target,1.8473,1.89778571,1.74632858,1.89778571,6.78,Low-Medium Risk,2026-05-21T11:58:42.363074+00:00,closed,0.0201916310290693,1.89778571,2026-05-21T18:29:22.814475+00:00,sl_hit,-2.733,loss,1.8187,1.548
PENDLE_1h_trailing_2026-05-21,PENDLE,1h,short,trailing,1.8473,1.89778571,1.74632858,1.89778571,6.78,Low-Medium Risk,2026-05-21T11:58:42.363074+00:00,closed,0.0201916310290693,1.89778571,2026-05-21T18:29:22.823175+00:00,trailing_sl,-2.733,loss,1.8187,1.548
FARTCOIN_1h_fixed_pct_2026-05-16,FARTCOIN,1h,short,fixed_pct,0.19536,0.19822606,0.18962788,0.19822606,7.18,Low-Medium Risk,2026-05-16T10:50:59.483046+00:00,closed,0.0720720720720721,0.19822606,2026-05-21T19:28:50.010180+00:00,sl_hit,-1.467,loss,0.19816,-1.433
HYPE_1d_trailing_2026-05-18,HYPE,1d,long,trailing,45.685,41.37796429,54.29907142,58.00914,7.11,Low-Medium Risk,2026-05-18T12:08:00.315536+00:00,closed,0.29567691802561,58.00914,2026-05-21T19:28:50.020648+00:00,trailing_sl,26.976,win,59.193,29.568
HYPE_1h_trailing_2026-05-18,HYPE,1h,long,trailing,47.207,45.76914286,50.08271428,58.00914,8.38,Low Risk,2026-05-18T23:44:36.758860+00:00,closed,0.2539030228567796,58.00914,2026-05-21T19:28:50.028839+00:00,trailing_sl,22.882,win,59.193,25.39
HYPE_1d_trailing_2026-05-19,HYPE,1d,long,trailing,45.685,41.37796429,54.29907142,58.00914,7.11,Low-Medium Risk,2026-05-19T11:44:52.762897+00:00,closed,0.29567691802561,58.00914,2026-05-21T19:28:50.036938+00:00,trailing_sl,26.976,win,59.193,29.568
HYPE_1d_trailing_2026-05-20,HYPE,1d,long,trailing,45.685,41.37796429,54.29907142,58.00914,7.11,Low-Medium Risk,2026-05-20T10:37:04.180450+00:00,closed,0.29567691802561,58.00914,2026-05-21T19:28:50.045018+00:00,trailing_sl,26.976,win,59.193,29.568
HYPE_1h_trailing_2026-05-20,HYPE,1h,long,trailing,51.917,50.70896429,54.33307142,58.00914,7.88,Low-Medium Risk,2026-05-20T19:37:09.437561+00:00,closed,0.1401467727334013,58.00914,2026-05-21T19:28:50.053043+00:00,trailing_sl,11.734,win,59.193,14.015
HYPE_1h_trailing_2026-05-20,HYPE,1h,long,trailing,52.92,51.63,55.5,58.00914,7.88,Low-Medium Risk,2026-05-20T23:59:52.282725+00:00,closed,0.1185374149659863,58.00914,2026-05-21T19:28:50.061069+00:00,trailing_sl,9.617,win,59.193,11.854
PURR_1d_trailing_2026-05-21,PURR,1d,long,trailing,0.072355,0.06195925,0.0931465,0.1196482,7.72,Low-Medium Risk,2026-05-21T11:58:42.355696+00:00,closed,0.687374749498998,0.1196482,2026-05-21T19:28:50.069108+00:00,trailing_sl,65.363,win,0.12209,68.737
HYPE_1d_trailing_2026-05-21,HYPE,1d,long,trailing,45.685,41.37796429,54.29907142,58.00914,7.53,Low-Medium Risk,2026-05-21T11:58:42.358266+00:00,closed,0.29567691802561,58.00914,2026-05-21T19:28:50.077396+00:00,trailing_sl,26.976,win,59.193,29.568
HYPE_4h_fixed_pct_2026-05-21,HYPE,4h,long,fixed_pct,61.08,57.89667856,67.44664288,57.89667856,8.52,Low Risk,2026-05-21T18:29:22.614403+00:00,closed,0.0,57.89667856,2026-05-21T19:28:50.085552+00:00,sl_hit,-5.212,loss,59.193,-3.089
HYPE_4h_cpr_target_2026-05-21,HYPE,4h,long,cpr_target,61.08,57.89667856,67.44664288,57.89667856,8.52,Low Risk,2026-05-21T18:29:22.614403+00:00,closed,0.0,57.89667856,2026-05-21T19:28:50.093598+00:00,sl_hit,-5.212,loss,59.193,-3.089
HYPE_4h_trailing_2026-05-21,HYPE,4h,long,trailing,61.08,57.89667856,67.44664288,57.89667856,8.52,Low Risk,2026-05-21T18:29:22.614403+00:00,closed,0.0,57.89667856,2026-05-21T19:28:50.101635+00:00,trailing_sl,-5.212,loss,59.193,-3.089
SUI_1h_trailing_2026-05-18,SUI,1h,long,trailing,1.0436,1.02015714,1.09048572,1.127588,7.18,Low-Medium Risk,2026-05-18T12:08:00.313522+00:00,closed,0.1025297048677654,1.127588,2026-05-21T22:55:30.749175+00:00,trailing_sl,8.048,win,1.1452,9.736
PURR_1d_fixed_pct_2026-05-21,PURR,1d,long,fixed_pct,0.072355,0.06195925,0.0931465,0.06195925,8.52,Low Risk,2026-05-21T22:55:30.740846+00:00,closed,0.8617925506184783,0.13471,2026-05-21T22:55:30.758611+00:00,target_hit (+10%),86.179,win,,
PURR_1d_cpr_target_2026-05-21,PURR,1d,long,cpr_target,0.072355,0.06195925,0.0931465,0.06195925,8.52,Low Risk,2026-05-21T22:55:30.740846+00:00,closed,0.8617925506184783,0.0931465,2026-05-21T22:55:30.766832+00:00,tp_r1_hit,28.735,win,,
RUNE_1h_trailing_2026-05-17,RUNE,1h,short,trailing,0.44778,0.46095964,0.42142072,0.4336122,7.58,Low-Medium Risk,2026-05-17T15:43:53.843126+00:00,closed,0.0506275403099737,0.4336122,2026-05-21T23:17:44.241484+00:00,trailing_sl,3.164,win,0.42676,4.694
